filePath,className
state-farm-distracted-driver-detection/imgs/train/c7/img_22375.jpg,c7
state-farm-distracted-driver-detection/imgs/train/c3/img_17741.jpg,c3
state-farm-distracted-driver-detection/imgs/train/c9/img_88570.jpg,c9
state-farm-distracted-driver-detection/imgs/train/c2/img_42555.jpg,c2
state-farm-distracted-driver-detection/imgs/train/c7/img_87338.jpg,c7
state-farm-distracted-driver-detection/imgs/train/c3/img_52622.jpg,c3
state-farm-distracted-driver-detection/imgs/train/c4/img_81249.jpg,c4
state-farm-distracted-driver-detection/imgs/train/c5/img_4105.jpg,c5
state-farm-distracted-driver-detection/imgs/train/c8/img_11315.jpg,c8
state-farm-distracted-driver-detection/imgs/train/c3/img_42286.jpg,c3
state-farm-distracted-driver-detection/imgs/train/c6/img_21400.jpg,c6
state-farm-distracted-driver-detection/imgs/train/c1/img_64525.jpg,c1
state-farm-distracted-driver-detection/imgs/train/c9/img_80574.jpg,c9
state-farm-distracted-driver-detection/imgs/train/c9/img_35387.jpg,c9
state-farm-distracted-driver-detection/imgs/train/c4/img_55697.jpg,c4
state-farm-distracted-driver-detection/imgs/train/c8/img_77096.jpg,c8
state-farm-distracted-driver-detection/imgs/train/c5/img_58594.jpg,c5
state-farm-distracted-driver-detection/imgs/train/c3/img_96052.jpg,c3
state-farm-distracted-driver-detection/imgs/train/c4/img_62998.jpg,c4
state-farm-distracted-driver-detection/imgs/train/c2/img_68369.jpg,c2
state-farm-distracted-driver-detection/imgs/train/c2/img_72579.jpg,c2
state-farm-distracted-driver-detection/imgs/train/c0/img_25378.jpg,c0
state-farm-distracted-driver-detection/imgs/train/c3/img_63420.jpg,c3
state-farm-distracted-driver-detection/imgs/train/c4/img_5387.jpg,c4
state-farm-distracted-driver-detection/imgs/train/c4/img_69716.jpg,c4
state-farm-distracted-driver-detection/imgs/train/c5/img_95164.jpg,c5
state-farm-distracted-driver-detection/imgs/train/c1/img_20604.jpg,c1
state-farm-distracted-driver-detection/imgs/train/c2/img_42257.jpg,c2
state-farm-distracted-driver-detection/imgs/train/c6/img_19986.jpg,c6
state-farm-distracted-driver-detection/imgs/train/c6/img_46501.jpg,c6
state-farm-distracted-driver-detection/imgs/train/c7/img_62988.jpg,c7
state-farm-distracted-driver-detection/imgs/train/c8/img_26672.jpg,c8
state-farm-distracted-driver-detection/imgs/train/c3/img_60829.jpg,c3
state-farm-distracted-driver-detection/imgs/train/c3/img_87919.jpg,c3
state-farm-distracted-driver-detection/imgs/train/c7/img_95026.jpg,c7
state-farm-distracted-driver-detection/imgs/train/c2/img_53925.jpg,c2
state-farm-distracted-driver-detection/imgs/train/c4/img_23482.jpg,c4
state-farm-distracted-driver-detection/imgs/train/c4/img_42570.jpg,c4
state-farm-distracted-driver-detection/imgs/train/c7/img_21536.jpg,c7
state-farm-distracted-driver-detection/imgs/train/c3/img_30496.jpg,c3
state-farm-distracted-driver-detection/imgs/train/c7/img_89912.jpg,c7
state-farm-distracted-driver-detection/imgs/train/c6/img_29993.jpg,c6
state-farm-distracted-driver-detection/imgs/train/c7/img_21962.jpg,c7
state-farm-distracted-driver-detection/imgs/train/c4/img_78402.jpg,c4
state-farm-distracted-driver-detection/imgs/train/c4/img_37087.jpg,c4
state-farm-distracted-driver-detection/imgs/train/c6/img_4551.jpg,c6
state-farm-distracted-driver-detection/imgs/train/c2/img_62911.jpg,c2
state-farm-distracted-driver-detection/imgs/train/c4/img_19882.jpg,c4
state-farm-distracted-driver-detection/imgs/train/c0/img_58181.jpg,c0
state-farm-distracted-driver-detection/imgs/train/c3/img_44716.jpg,c3
state-farm-distracted-driver-detection/imgs/train/c2/img_22964.jpg,c2
state-farm-distracted-driver-detection/imgs/train/c4/img_95526.jpg,c4
state-farm-distracted-driver-detection/imgs/train/c4/img_2730.jpg,c4
state-farm-distracted-driver-detection/imgs/train/c3/img_48454.jpg,c3
state-farm-distracted-driver-detection/imgs/train/c6/img_101575.jpg,c6
state-farm-distracted-driver-detection/imgs/train/c8/img_53839.jpg,c8
state-farm-distracted-driver-detection/imgs/train/c8/img_100235.jpg,c8
state-farm-distracted-driver-detection/imgs/train/c8/img_68121.jpg,c8
state-farm-distracted-driver-detection/imgs/train/c8/img_69101.jpg,c8
state-farm-distracted-driver-detection/imgs/train/c6/img_52227.jpg,c6
state-farm-distracted-driver-detection/imgs/train/c2/img_87440.jpg,c2
state-farm-distracted-driver-detection/imgs/train/c4/img_62125.jpg,c4
state-farm-distracted-driver-detection/imgs/train/c3/img_27884.jpg,c3
state-farm-distracted-driver-detection/imgs/train/c4/img_41322.jpg,c4
state-farm-distracted-driver-detection/imgs/train/c1/img_24255.jpg,c1
state-farm-distracted-driver-detection/imgs/train/c1/img_63880.jpg,c1
state-farm-distracted-driver-detection/imgs/train/c2/img_65803.jpg,c2
state-farm-distracted-driver-detection/imgs/train/c3/img_101059.jpg,c3
state-farm-distracted-driver-detection/imgs/train/c5/img_5839.jpg,c5
state-farm-distracted-driver-detection/imgs/train/c8/img_100735.jpg,c8
state-farm-distracted-driver-detection/imgs/train/c8/img_20770.jpg,c8
state-farm-distracted-driver-detection/imgs/train/c5/img_9728.jpg,c5
state-farm-distracted-driver-detection/imgs/train/c7/img_14321.jpg,c7
state-farm-distracted-driver-detection/imgs/train/c8/img_42035.jpg,c8
state-farm-distracted-driver-detection/imgs/train/c0/img_42043.jpg,c0
state-farm-distracted-driver-detection/imgs/train/c1/img_29027.jpg,c1
state-farm-distracted-driver-detection/imgs/train/c6/img_73860.jpg,c6
state-farm-distracted-driver-detection/imgs/train/c1/img_44135.jpg,c1
state-farm-distracted-driver-detection/imgs/train/c3/img_77917.jpg,c3
state-farm-distracted-driver-detection/imgs/train/c5/img_75420.jpg,c5
state-farm-distracted-driver-detection/imgs/train/c1/img_36391.jpg,c1
state-farm-distracted-driver-detection/imgs/train/c9/img_86985.jpg,c9
state-farm-distracted-driver-detection/imgs/train/c8/img_6884.jpg,c8
state-farm-distracted-driver-detection/imgs/train/c0/img_41078.jpg,c0
state-farm-distracted-driver-detection/imgs/train/c4/img_87734.jpg,c4
state-farm-distracted-driver-detection/imgs/train/c9/img_8749.jpg,c9
state-farm-distracted-driver-detection/imgs/train/c1/img_99036.jpg,c1
state-farm-distracted-driver-detection/imgs/train/c9/img_7918.jpg,c9
state-farm-distracted-driver-detection/imgs/train/c9/img_21902.jpg,c9
state-farm-distracted-driver-detection/imgs/train/c3/img_98946.jpg,c3
state-farm-distracted-driver-detection/imgs/train/c6/img_9165.jpg,c6
state-farm-distracted-driver-detection/imgs/train/c1/img_50710.jpg,c1
state-farm-distracted-driver-detection/imgs/train/c7/img_91037.jpg,c7
state-farm-distracted-driver-detection/imgs/train/c4/img_5539.jpg,c4
state-farm-distracted-driver-detection/imgs/train/c5/img_53913.jpg,c5
state-farm-distracted-driver-detection/imgs/train/c9/img_62467.jpg,c9
state-farm-distracted-driver-detection/imgs/train/c6/img_39861.jpg,c6
state-farm-distracted-driver-detection/imgs/train/c1/img_12457.jpg,c1
state-farm-distracted-driver-detection/imgs/train/c2/img_87889.jpg,c2
state-farm-distracted-driver-detection/imgs/train/c5/img_67316.jpg,c5
state-farm-distracted-driver-detection/imgs/train/c9/img_90356.jpg,c9
state-farm-distracted-driver-detection/imgs/train/c6/img_93947.jpg,c6
state-farm-distracted-driver-detection/imgs/train/c6/img_26706.jpg,c6
state-farm-distracted-driver-detection/imgs/train/c9/img_38594.jpg,c9
state-farm-distracted-driver-detection/imgs/train/c0/img_79521.jpg,c0
state-farm-distracted-driver-detection/imgs/train/c5/img_78708.jpg,c5
state-farm-distracted-driver-detection/imgs/train/c1/img_20054.jpg,c1
state-farm-distracted-driver-detection/imgs/train/c1/img_60331.jpg,c1
state-farm-distracted-driver-detection/imgs/train/c3/img_3317.jpg,c3
state-farm-distracted-driver-detection/imgs/train/c3/img_69503.jpg,c3
state-farm-distracted-driver-detection/imgs/train/c4/img_29847.jpg,c4
state-farm-distracted-driver-detection/imgs/train/c0/img_91438.jpg,c0
state-farm-distracted-driver-detection/imgs/train/c3/img_49283.jpg,c3
state-farm-distracted-driver-detection/imgs/train/c7/img_97818.jpg,c7
state-farm-distracted-driver-detection/imgs/train/c4/img_68346.jpg,c4
state-farm-distracted-driver-detection/imgs/train/c8/img_95215.jpg,c8
state-farm-distracted-driver-detection/imgs/train/c0/img_30453.jpg,c0
state-farm-distracted-driver-detection/imgs/train/c4/img_18756.jpg,c4
state-farm-distracted-driver-detection/imgs/train/c4/img_10865.jpg,c4
state-farm-distracted-driver-detection/imgs/train/c0/img_49589.jpg,c0
state-farm-distracted-driver-detection/imgs/train/c8/img_20962.jpg,c8
state-farm-distracted-driver-detection/imgs/train/c7/img_22221.jpg,c7
state-farm-distracted-driver-detection/imgs/train/c4/img_1327.jpg,c4
state-farm-distracted-driver-detection/imgs/train/c7/img_97803.jpg,c7
state-farm-distracted-driver-detection/imgs/train/c9/img_33032.jpg,c9
state-farm-distracted-driver-detection/imgs/train/c6/img_41391.jpg,c6
state-farm-distracted-driver-detection/imgs/train/c9/img_17137.jpg,c9
state-farm-distracted-driver-detection/imgs/train/c1/img_8943.jpg,c1
state-farm-distracted-driver-detection/imgs/train/c3/img_80493.jpg,c3
state-farm-distracted-driver-detection/imgs/train/c4/img_75752.jpg,c4
state-farm-distracted-driver-detection/imgs/train/c9/img_74535.jpg,c9
state-farm-distracted-driver-detection/imgs/train/c8/img_48249.jpg,c8
state-farm-distracted-driver-detection/imgs/train/c7/img_54453.jpg,c7
state-farm-distracted-driver-detection/imgs/train/c9/img_68251.jpg,c9
state-farm-distracted-driver-detection/imgs/train/c2/img_4805.jpg,c2
state-farm-distracted-driver-detection/imgs/train/c6/img_47712.jpg,c6
state-farm-distracted-driver-detection/imgs/train/c4/img_22120.jpg,c4
state-farm-distracted-driver-detection/imgs/train/c3/img_5.jpg,c3
state-farm-distracted-driver-detection/imgs/train/c3/img_67821.jpg,c3
state-farm-distracted-driver-detection/imgs/train/c0/img_31068.jpg,c0
state-farm-distracted-driver-detection/imgs/train/c1/img_95561.jpg,c1
state-farm-distracted-driver-detection/imgs/train/c2/img_84276.jpg,c2
state-farm-distracted-driver-detection/imgs/train/c5/img_3442.jpg,c5
state-farm-distracted-driver-detection/imgs/train/c7/img_79650.jpg,c7
state-farm-distracted-driver-detection/imgs/train/c3/img_65026.jpg,c3
state-farm-distracted-driver-detection/imgs/train/c0/img_13699.jpg,c0
state-farm-distracted-driver-detection/imgs/train/c1/img_85702.jpg,c1
state-farm-distracted-driver-detection/imgs/train/c6/img_25255.jpg,c6
state-farm-distracted-driver-detection/imgs/train/c3/img_56572.jpg,c3
state-farm-distracted-driver-detection/imgs/train/c2/img_10768.jpg,c2
state-farm-distracted-driver-detection/imgs/train/c6/img_63630.jpg,c6
state-farm-distracted-driver-detection/imgs/train/c8/img_76358.jpg,c8
state-farm-distracted-driver-detection/imgs/train/c2/img_8883.jpg,c2
state-farm-distracted-driver-detection/imgs/train/c7/img_30484.jpg,c7
state-farm-distracted-driver-detection/imgs/train/c2/img_52360.jpg,c2
state-farm-distracted-driver-detection/imgs/train/c0/img_99510.jpg,c0
state-farm-distracted-driver-detection/imgs/train/c8/img_5383.jpg,c8
state-farm-distracted-driver-detection/imgs/train/c2/img_20295.jpg,c2
state-farm-distracted-driver-detection/imgs/train/c7/img_51733.jpg,c7
state-farm-distracted-driver-detection/imgs/train/c9/img_31830.jpg,c9
state-farm-distracted-driver-detection/imgs/train/c8/img_37699.jpg,c8
state-farm-distracted-driver-detection/imgs/train/c7/img_64859.jpg,c7
state-farm-distracted-driver-detection/imgs/train/c4/img_67203.jpg,c4
state-farm-distracted-driver-detection/imgs/train/c8/img_25969.jpg,c8
state-farm-distracted-driver-detection/imgs/train/c3/img_55979.jpg,c3
state-farm-distracted-driver-detection/imgs/train/c3/img_101118.jpg,c3
state-farm-distracted-driver-detection/imgs/train/c7/img_82451.jpg,c7
state-farm-distracted-driver-detection/imgs/train/c6/img_99459.jpg,c6
state-farm-distracted-driver-detection/imgs/train/c7/img_75140.jpg,c7
state-farm-distracted-driver-detection/imgs/train/c5/img_37322.jpg,c5
state-farm-distracted-driver-detection/imgs/train/c6/img_25077.jpg,c6
state-farm-distracted-driver-detection/imgs/train/c5/img_53814.jpg,c5
state-farm-distracted-driver-detection/imgs/train/c4/img_94181.jpg,c4
state-farm-distracted-driver-detection/imgs/train/c3/img_9100.jpg,c3
state-farm-distracted-driver-detection/imgs/train/c5/img_89466.jpg,c5
state-farm-distracted-driver-detection/imgs/train/c7/img_26087.jpg,c7
state-farm-distracted-driver-detection/imgs/train/c8/img_58079.jpg,c8
state-farm-distracted-driver-detection/imgs/train/c5/img_11747.jpg,c5
state-farm-distracted-driver-detection/imgs/train/c1/img_18230.jpg,c1
state-farm-distracted-driver-detection/imgs/train/c4/img_31041.jpg,c4
state-farm-distracted-driver-detection/imgs/train/c9/img_22310.jpg,c9
state-farm-distracted-driver-detection/imgs/train/c9/img_15772.jpg,c9
state-farm-distracted-driver-detection/imgs/train/c8/img_28340.jpg,c8
state-farm-distracted-driver-detection/imgs/train/c1/img_80443.jpg,c1
state-farm-distracted-driver-detection/imgs/train/c4/img_89589.jpg,c4
state-farm-distracted-driver-detection/imgs/train/c5/img_7690.jpg,c5
state-farm-distracted-driver-detection/imgs/train/c5/img_20809.jpg,c5
state-farm-distracted-driver-detection/imgs/train/c9/img_52806.jpg,c9
state-farm-distracted-driver-detection/imgs/train/c3/img_18390.jpg,c3
state-farm-distracted-driver-detection/imgs/train/c6/img_64018.jpg,c6
state-farm-distracted-driver-detection/imgs/train/c1/img_58870.jpg,c1
state-farm-distracted-driver-detection/imgs/train/c1/img_82604.jpg,c1
state-farm-distracted-driver-detection/imgs/train/c1/img_78364.jpg,c1
state-farm-distracted-driver-detection/imgs/train/c2/img_67947.jpg,c2
state-farm-distracted-driver-detection/imgs/train/c2/img_79195.jpg,c2
state-farm-distracted-driver-detection/imgs/train/c8/img_62176.jpg,c8
state-farm-distracted-driver-detection/imgs/train/c1/img_17855.jpg,c1
state-farm-distracted-driver-detection/imgs/train/c6/img_7372.jpg,c6
state-farm-distracted-driver-detection/imgs/train/c4/img_100808.jpg,c4
state-farm-distracted-driver-detection/imgs/train/c4/img_58464.jpg,c4
state-farm-distracted-driver-detection/imgs/train/c8/img_15792.jpg,c8
state-farm-distracted-driver-detection/imgs/train/c7/img_90927.jpg,c7
state-farm-distracted-driver-detection/imgs/train/c6/img_43493.jpg,c6
state-farm-distracted-driver-detection/imgs/train/c0/img_47131.jpg,c0
state-farm-distracted-driver-detection/imgs/train/c9/img_99422.jpg,c9
state-farm-distracted-driver-detection/imgs/train/c6/img_10918.jpg,c6
state-farm-distracted-driver-detection/imgs/train/c3/img_78189.jpg,c3
state-farm-distracted-driver-detection/imgs/train/c1/img_51908.jpg,c1
state-farm-distracted-driver-detection/imgs/train/c5/img_66246.jpg,c5
state-farm-distracted-driver-detection/imgs/train/c5/img_14323.jpg,c5
state-farm-distracted-driver-detection/imgs/train/c9/img_29428.jpg,c9
state-farm-distracted-driver-detection/imgs/train/c8/img_63579.jpg,c8
state-farm-distracted-driver-detection/imgs/train/c2/img_25921.jpg,c2
state-farm-distracted-driver-detection/imgs/train/c0/img_30069.jpg,c0
state-farm-distracted-driver-detection/imgs/train/c9/img_54961.jpg,c9
state-farm-distracted-driver-detection/imgs/train/c7/img_97804.jpg,c7
state-farm-distracted-driver-detection/imgs/train/c1/img_7322.jpg,c1
state-farm-distracted-driver-detection/imgs/train/c5/img_55698.jpg,c5
state-farm-distracted-driver-detection/imgs/train/c4/img_42523.jpg,c4
state-farm-distracted-driver-detection/imgs/train/c0/img_99102.jpg,c0
state-farm-distracted-driver-detection/imgs/train/c2/img_67501.jpg,c2
state-farm-distracted-driver-detection/imgs/train/c9/img_71080.jpg,c9
state-farm-distracted-driver-detection/imgs/train/c6/img_80110.jpg,c6
state-farm-distracted-driver-detection/imgs/train/c0/img_7828.jpg,c0
state-farm-distracted-driver-detection/imgs/train/c6/img_3628.jpg,c6
state-farm-distracted-driver-detection/imgs/train/c0/img_70429.jpg,c0
state-farm-distracted-driver-detection/imgs/train/c5/img_24999.jpg,c5
state-farm-distracted-driver-detection/imgs/train/c2/img_31714.jpg,c2
state-farm-distracted-driver-detection/imgs/train/c9/img_10093.jpg,c9
state-farm-distracted-driver-detection/imgs/train/c5/img_40790.jpg,c5
state-farm-distracted-driver-detection/imgs/train/c0/img_82654.jpg,c0
state-farm-distracted-driver-detection/imgs/train/c5/img_2746.jpg,c5
state-farm-distracted-driver-detection/imgs/train/c1/img_37608.jpg,c1
state-farm-distracted-driver-detection/imgs/train/c1/img_76146.jpg,c1
state-farm-distracted-driver-detection/imgs/train/c4/img_27701.jpg,c4
state-farm-distracted-driver-detection/imgs/train/c0/img_81940.jpg,c0
state-farm-distracted-driver-detection/imgs/train/c3/img_80916.jpg,c3
state-farm-distracted-driver-detection/imgs/train/c8/img_36602.jpg,c8
state-farm-distracted-driver-detection/imgs/train/c9/img_74606.jpg,c9
state-farm-distracted-driver-detection/imgs/train/c0/img_36151.jpg,c0
state-farm-distracted-driver-detection/imgs/train/c8/img_99709.jpg,c8
state-farm-distracted-driver-detection/imgs/train/c4/img_20925.jpg,c4
state-farm-distracted-driver-detection/imgs/train/c0/img_20579.jpg,c0
state-farm-distracted-driver-detection/imgs/train/c5/img_35316.jpg,c5
state-farm-distracted-driver-detection/imgs/train/c0/img_10514.jpg,c0
state-farm-distracted-driver-detection/imgs/train/c1/img_94444.jpg,c1
state-farm-distracted-driver-detection/imgs/train/c8/img_9499.jpg,c8
state-farm-distracted-driver-detection/imgs/train/c5/img_30359.jpg,c5
state-farm-distracted-driver-detection/imgs/train/c3/img_7122.jpg,c3
state-farm-distracted-driver-detection/imgs/train/c3/img_16924.jpg,c3
state-farm-distracted-driver-detection/imgs/train/c9/img_39031.jpg,c9
state-farm-distracted-driver-detection/imgs/train/c7/img_5106.jpg,c7
state-farm-distracted-driver-detection/imgs/train/c9/img_96574.jpg,c9
state-farm-distracted-driver-detection/imgs/train/c8/img_55815.jpg,c8
state-farm-distracted-driver-detection/imgs/train/c9/img_82145.jpg,c9
state-farm-distracted-driver-detection/imgs/train/c9/img_68035.jpg,c9
state-farm-distracted-driver-detection/imgs/train/c7/img_22456.jpg,c7
state-farm-distracted-driver-detection/imgs/train/c5/img_5920.jpg,c5
state-farm-distracted-driver-detection/imgs/train/c6/img_66917.jpg,c6
state-farm-distracted-driver-detection/imgs/train/c6/img_90321.jpg,c6
state-farm-distracted-driver-detection/imgs/train/c3/img_28087.jpg,c3
state-farm-distracted-driver-detection/imgs/train/c4/img_60290.jpg,c4
state-farm-distracted-driver-detection/imgs/train/c9/img_19291.jpg,c9
state-farm-distracted-driver-detection/imgs/train/c6/img_22054.jpg,c6
state-farm-distracted-driver-detection/imgs/train/c2/img_49672.jpg,c2
state-farm-distracted-driver-detection/imgs/train/c2/img_52118.jpg,c2
state-farm-distracted-driver-detection/imgs/train/c2/img_54409.jpg,c2
state-farm-distracted-driver-detection/imgs/train/c6/img_94499.jpg,c6
state-farm-distracted-driver-detection/imgs/train/c5/img_9111.jpg,c5
state-farm-distracted-driver-detection/imgs/train/c8/img_47144.jpg,c8
state-farm-distracted-driver-detection/imgs/train/c3/img_37896.jpg,c3
state-farm-distracted-driver-detection/imgs/train/c9/img_45771.jpg,c9
state-farm-distracted-driver-detection/imgs/train/c2/img_35689.jpg,c2
state-farm-distracted-driver-detection/imgs/train/c3/img_16532.jpg,c3
state-farm-distracted-driver-detection/imgs/train/c8/img_59923.jpg,c8
state-farm-distracted-driver-detection/imgs/train/c0/img_36549.jpg,c0
state-farm-distracted-driver-detection/imgs/train/c2/img_59330.jpg,c2
state-farm-distracted-driver-detection/imgs/train/c4/img_13710.jpg,c4
state-farm-distracted-driver-detection/imgs/train/c2/img_11744.jpg,c2
state-farm-distracted-driver-detection/imgs/train/c1/img_86619.jpg,c1
state-farm-distracted-driver-detection/imgs/train/c6/img_16901.jpg,c6
state-farm-distracted-driver-detection/imgs/train/c8/img_7181.jpg,c8
state-farm-distracted-driver-detection/imgs/train/c1/img_2648.jpg,c1
state-farm-distracted-driver-detection/imgs/train/c1/img_67932.jpg,c1
state-farm-distracted-driver-detection/imgs/train/c3/img_4183.jpg,c3
state-farm-distracted-driver-detection/imgs/train/c5/img_60298.jpg,c5
state-farm-distracted-driver-detection/imgs/train/c8/img_12025.jpg,c8
state-farm-distracted-driver-detection/imgs/train/c7/img_73282.jpg,c7
state-farm-distracted-driver-detection/imgs/train/c8/img_63216.jpg,c8
state-farm-distracted-driver-detection/imgs/train/c1/img_97528.jpg,c1
state-farm-distracted-driver-detection/imgs/train/c1/img_63062.jpg,c1
state-farm-distracted-driver-detection/imgs/train/c8/img_50067.jpg,c8
state-farm-distracted-driver-detection/imgs/train/c6/img_101872.jpg,c6
state-farm-distracted-driver-detection/imgs/train/c6/img_14529.jpg,c6
state-farm-distracted-driver-detection/imgs/train/c9/img_55898.jpg,c9
state-farm-distracted-driver-detection/imgs/train/c7/img_68974.jpg,c7
state-farm-distracted-driver-detection/imgs/train/c4/img_60711.jpg,c4
state-farm-distracted-driver-detection/imgs/train/c8/img_68431.jpg,c8
state-farm-distracted-driver-detection/imgs/train/c5/img_78091.jpg,c5
state-farm-distracted-driver-detection/imgs/train/c0/img_96517.jpg,c0
state-farm-distracted-driver-detection/imgs/train/c9/img_38250.jpg,c9
state-farm-distracted-driver-detection/imgs/train/c3/img_67892.jpg,c3
state-farm-distracted-driver-detection/imgs/train/c2/img_13203.jpg,c2
state-farm-distracted-driver-detection/imgs/train/c2/img_31193.jpg,c2
state-farm-distracted-driver-detection/imgs/train/c7/img_43860.jpg,c7
state-farm-distracted-driver-detection/imgs/train/c1/img_101038.jpg,c1
state-farm-distracted-driver-detection/imgs/train/c1/img_69126.jpg,c1
state-farm-distracted-driver-detection/imgs/train/c5/img_5886.jpg,c5
state-farm-distracted-driver-detection/imgs/train/c8/img_53436.jpg,c8
state-farm-distracted-driver-detection/imgs/train/c1/img_92935.jpg,c1
state-farm-distracted-driver-detection/imgs/train/c9/img_87536.jpg,c9
state-farm-distracted-driver-detection/imgs/train/c5/img_18277.jpg,c5
state-farm-distracted-driver-detection/imgs/train/c5/img_67710.jpg,c5
state-farm-distracted-driver-detection/imgs/train/c3/img_589.jpg,c3
state-farm-distracted-driver-detection/imgs/train/c5/img_96301.jpg,c5
state-farm-distracted-driver-detection/imgs/train/c7/img_65452.jpg,c7
state-farm-distracted-driver-detection/imgs/train/c0/img_55325.jpg,c0
state-farm-distracted-driver-detection/imgs/train/c4/img_101920.jpg,c4
state-farm-distracted-driver-detection/imgs/train/c3/img_32553.jpg,c3
state-farm-distracted-driver-detection/imgs/train/c0/img_48794.jpg,c0
state-farm-distracted-driver-detection/imgs/train/c5/img_49785.jpg,c5
state-farm-distracted-driver-detection/imgs/train/c8/img_91046.jpg,c8
state-farm-distracted-driver-detection/imgs/train/c5/img_27727.jpg,c5
state-farm-distracted-driver-detection/imgs/train/c0/img_30400.jpg,c0
state-farm-distracted-driver-detection/imgs/train/c9/img_61229.jpg,c9
state-farm-distracted-driver-detection/imgs/train/c0/img_49906.jpg,c0
state-farm-distracted-driver-detection/imgs/train/c2/img_36811.jpg,c2
state-farm-distracted-driver-detection/imgs/train/c9/img_89877.jpg,c9
state-farm-distracted-driver-detection/imgs/train/c1/img_52348.jpg,c1
state-farm-distracted-driver-detection/imgs/train/c7/img_74667.jpg,c7
state-farm-distracted-driver-detection/imgs/train/c3/img_97728.jpg,c3
state-farm-distracted-driver-detection/imgs/train/c6/img_218.jpg,c6
state-farm-distracted-driver-detection/imgs/train/c6/img_21581.jpg,c6
state-farm-distracted-driver-detection/imgs/train/c2/img_25284.jpg,c2
state-farm-distracted-driver-detection/imgs/train/c0/img_104.jpg,c0
state-farm-distracted-driver-detection/imgs/train/c4/img_73164.jpg,c4
state-farm-distracted-driver-detection/imgs/train/c0/img_13935.jpg,c0
state-farm-distracted-driver-detection/imgs/train/c1/img_11484.jpg,c1
state-farm-distracted-driver-detection/imgs/train/c0/img_50577.jpg,c0
state-farm-distracted-driver-detection/imgs/train/c2/img_37194.jpg,c2
state-farm-distracted-driver-detection/imgs/train/c3/img_80902.jpg,c3
state-farm-distracted-driver-detection/imgs/train/c9/img_67387.jpg,c9
state-farm-distracted-driver-detection/imgs/train/c3/img_88881.jpg,c3
state-farm-distracted-driver-detection/imgs/train/c7/img_70552.jpg,c7
state-farm-distracted-driver-detection/imgs/train/c1/img_43875.jpg,c1
state-farm-distracted-driver-detection/imgs/train/c3/img_62800.jpg,c3
state-farm-distracted-driver-detection/imgs/train/c0/img_411.jpg,c0
state-farm-distracted-driver-detection/imgs/train/c2/img_37677.jpg,c2
state-farm-distracted-driver-detection/imgs/train/c5/img_20164.jpg,c5
state-farm-distracted-driver-detection/imgs/train/c8/img_91029.jpg,c8
state-farm-distracted-driver-detection/imgs/train/c3/img_39783.jpg,c3
state-farm-distracted-driver-detection/imgs/train/c7/img_95120.jpg,c7
state-farm-distracted-driver-detection/imgs/train/c2/img_54317.jpg,c2
state-farm-distracted-driver-detection/imgs/train/c4/img_84680.jpg,c4
state-farm-distracted-driver-detection/imgs/train/c3/img_65727.jpg,c3
state-farm-distracted-driver-detection/imgs/train/c6/img_51260.jpg,c6
state-farm-distracted-driver-detection/imgs/train/c4/img_22219.jpg,c4
state-farm-distracted-driver-detection/imgs/train/c0/img_50052.jpg,c0
state-farm-distracted-driver-detection/imgs/train/c1/img_16744.jpg,c1
state-farm-distracted-driver-detection/imgs/train/c8/img_75893.jpg,c8
state-farm-distracted-driver-detection/imgs/train/c4/img_82159.jpg,c4
state-farm-distracted-driver-detection/imgs/train/c1/img_97808.jpg,c1
state-farm-distracted-driver-detection/imgs/train/c5/img_17740.jpg,c5
state-farm-distracted-driver-detection/imgs/train/c1/img_64762.jpg,c1
state-farm-distracted-driver-detection/imgs/train/c9/img_21057.jpg,c9
state-farm-distracted-driver-detection/imgs/train/c8/img_75427.jpg,c8
state-farm-distracted-driver-detection/imgs/train/c6/img_32135.jpg,c6
state-farm-distracted-driver-detection/imgs/train/c1/img_65384.jpg,c1
state-farm-distracted-driver-detection/imgs/train/c8/img_88749.jpg,c8
state-farm-distracted-driver-detection/imgs/train/c2/img_75158.jpg,c2
state-farm-distracted-driver-detection/imgs/train/c5/img_72051.jpg,c5
state-farm-distracted-driver-detection/imgs/train/c2/img_38337.jpg,c2
state-farm-distracted-driver-detection/imgs/train/c7/img_54124.jpg,c7
state-farm-distracted-driver-detection/imgs/train/c2/img_37867.jpg,c2
state-farm-distracted-driver-detection/imgs/train/c7/img_3469.jpg,c7
state-farm-distracted-driver-detection/imgs/train/c7/img_49138.jpg,c7
state-farm-distracted-driver-detection/imgs/train/c3/img_88084.jpg,c3
state-farm-distracted-driver-detection/imgs/train/c8/img_53620.jpg,c8
state-farm-distracted-driver-detection/imgs/train/c7/img_71373.jpg,c7
state-farm-distracted-driver-detection/imgs/train/c1/img_59930.jpg,c1
state-farm-distracted-driver-detection/imgs/train/c0/img_609.jpg,c0
state-farm-distracted-driver-detection/imgs/train/c7/img_88521.jpg,c7
state-farm-distracted-driver-detection/imgs/train/c9/img_32949.jpg,c9
state-farm-distracted-driver-detection/imgs/train/c7/img_74890.jpg,c7
state-farm-distracted-driver-detection/imgs/train/c7/img_21830.jpg,c7
state-farm-distracted-driver-detection/imgs/train/c2/img_59034.jpg,c2
state-farm-distracted-driver-detection/imgs/train/c4/img_97413.jpg,c4
state-farm-distracted-driver-detection/imgs/train/c8/img_50684.jpg,c8
state-farm-distracted-driver-detection/imgs/train/c8/img_89739.jpg,c8
state-farm-distracted-driver-detection/imgs/train/c4/img_19660.jpg,c4
state-farm-distracted-driver-detection/imgs/train/c0/img_49827.jpg,c0
state-farm-distracted-driver-detection/imgs/train/c1/img_32025.jpg,c1
state-farm-distracted-driver-detection/imgs/train/c8/img_12151.jpg,c8
state-farm-distracted-driver-detection/imgs/train/c8/img_89668.jpg,c8
state-farm-distracted-driver-detection/imgs/train/c7/img_85321.jpg,c7
state-farm-distracted-driver-detection/imgs/train/c9/img_97490.jpg,c9
state-farm-distracted-driver-detection/imgs/train/c0/img_49161.jpg,c0
state-farm-distracted-driver-detection/imgs/train/c2/img_4253.jpg,c2
state-farm-distracted-driver-detection/imgs/train/c4/img_95737.jpg,c4
state-farm-distracted-driver-detection/imgs/train/c0/img_7778.jpg,c0
state-farm-distracted-driver-detection/imgs/train/c8/img_98197.jpg,c8
state-farm-distracted-driver-detection/imgs/train/c0/img_55929.jpg,c0
state-farm-distracted-driver-detection/imgs/train/c5/img_27428.jpg,c5
state-farm-distracted-driver-detection/imgs/train/c0/img_37462.jpg,c0
state-farm-distracted-driver-detection/imgs/train/c7/img_71676.jpg,c7
state-farm-distracted-driver-detection/imgs/train/c8/img_34727.jpg,c8
state-farm-distracted-driver-detection/imgs/train/c6/img_9332.jpg,c6
state-farm-distracted-driver-detection/imgs/train/c5/img_86839.jpg,c5
state-farm-distracted-driver-detection/imgs/train/c4/img_44871.jpg,c4
state-farm-distracted-driver-detection/imgs/train/c9/img_100286.jpg,c9
state-farm-distracted-driver-detection/imgs/train/c8/img_99945.jpg,c8
state-farm-distracted-driver-detection/imgs/train/c9/img_39820.jpg,c9
state-farm-distracted-driver-detection/imgs/train/c2/img_27943.jpg,c2
state-farm-distracted-driver-detection/imgs/train/c8/img_37918.jpg,c8
state-farm-distracted-driver-detection/imgs/train/c2/img_14299.jpg,c2
state-farm-distracted-driver-detection/imgs/train/c7/img_63032.jpg,c7
state-farm-distracted-driver-detection/imgs/train/c2/img_26056.jpg,c2
state-farm-distracted-driver-detection/imgs/train/c4/img_94425.jpg,c4
state-farm-distracted-driver-detection/imgs/train/c1/img_45825.jpg,c1
state-farm-distracted-driver-detection/imgs/train/c8/img_86786.jpg,c8
state-farm-distracted-driver-detection/imgs/train/c6/img_26920.jpg,c6
state-farm-distracted-driver-detection/imgs/train/c0/img_92464.jpg,c0
state-farm-distracted-driver-detection/imgs/train/c3/img_80587.jpg,c3
state-farm-distracted-driver-detection/imgs/train/c5/img_101030.jpg,c5
state-farm-distracted-driver-detection/imgs/train/c1/img_101657.jpg,c1
state-farm-distracted-driver-detection/imgs/train/c8/img_35130.jpg,c8
state-farm-distracted-driver-detection/imgs/train/c4/img_83850.jpg,c4
state-farm-distracted-driver-detection/imgs/train/c0/img_18847.jpg,c0
state-farm-distracted-driver-detection/imgs/train/c6/img_28842.jpg,c6
state-farm-distracted-driver-detection/imgs/train/c0/img_10003.jpg,c0
state-farm-distracted-driver-detection/imgs/train/c0/img_34032.jpg,c0
state-farm-distracted-driver-detection/imgs/train/c7/img_79738.jpg,c7
state-farm-distracted-driver-detection/imgs/train/c4/img_97945.jpg,c4
state-farm-distracted-driver-detection/imgs/train/c1/img_76500.jpg,c1
state-farm-distracted-driver-detection/imgs/train/c5/img_69519.jpg,c5
state-farm-distracted-driver-detection/imgs/train/c4/img_27578.jpg,c4
state-farm-distracted-driver-detection/imgs/train/c6/img_29548.jpg,c6
state-farm-distracted-driver-detection/imgs/train/c1/img_16367.jpg,c1
state-farm-distracted-driver-detection/imgs/train/c0/img_54594.jpg,c0
state-farm-distracted-driver-detection/imgs/train/c7/img_55210.jpg,c7
state-farm-distracted-driver-detection/imgs/train/c7/img_51697.jpg,c7
state-farm-distracted-driver-detection/imgs/train/c5/img_100871.jpg,c5
state-farm-distracted-driver-detection/imgs/train/c3/img_61068.jpg,c3
state-farm-distracted-driver-detection/imgs/train/c0/img_68304.jpg,c0
state-farm-distracted-driver-detection/imgs/train/c5/img_20454.jpg,c5
state-farm-distracted-driver-detection/imgs/train/c6/img_53517.jpg,c6
state-farm-distracted-driver-detection/imgs/train/c7/img_8032.jpg,c7
state-farm-distracted-driver-detection/imgs/train/c3/img_92009.jpg,c3
state-farm-distracted-driver-detection/imgs/train/c6/img_39303.jpg,c6
state-farm-distracted-driver-detection/imgs/train/c8/img_81097.jpg,c8
state-farm-distracted-driver-detection/imgs/train/c5/img_31246.jpg,c5
state-farm-distracted-driver-detection/imgs/train/c7/img_30145.jpg,c7
state-farm-distracted-driver-detection/imgs/train/c3/img_8155.jpg,c3
state-farm-distracted-driver-detection/imgs/train/c6/img_33838.jpg,c6
state-farm-distracted-driver-detection/imgs/train/c1/img_19099.jpg,c1
state-farm-distracted-driver-detection/imgs/train/c8/img_41152.jpg,c8
state-farm-distracted-driver-detection/imgs/train/c4/img_62056.jpg,c4
state-farm-distracted-driver-detection/imgs/train/c9/img_4588.jpg,c9
state-farm-distracted-driver-detection/imgs/train/c9/img_75687.jpg,c9
state-farm-distracted-driver-detection/imgs/train/c1/img_6915.jpg,c1
state-farm-distracted-driver-detection/imgs/train/c9/img_31812.jpg,c9
state-farm-distracted-driver-detection/imgs/train/c5/img_41485.jpg,c5
state-farm-distracted-driver-detection/imgs/train/c0/img_29904.jpg,c0
state-farm-distracted-driver-detection/imgs/train/c0/img_32479.jpg,c0
state-farm-distracted-driver-detection/imgs/train/c7/img_64841.jpg,c7
state-farm-distracted-driver-detection/imgs/train/c9/img_35872.jpg,c9
state-farm-distracted-driver-detection/imgs/train/c3/img_51112.jpg,c3
state-farm-distracted-driver-detection/imgs/train/c1/img_99573.jpg,c1
state-farm-distracted-driver-detection/imgs/train/c7/img_84346.jpg,c7
state-farm-distracted-driver-detection/imgs/train/c8/img_85692.jpg,c8
state-farm-distracted-driver-detection/imgs/train/c5/img_11748.jpg,c5
state-farm-distracted-driver-detection/imgs/train/c9/img_96099.jpg,c9
state-farm-distracted-driver-detection/imgs/train/c7/img_72819.jpg,c7
state-farm-distracted-driver-detection/imgs/train/c2/img_17316.jpg,c2
state-farm-distracted-driver-detection/imgs/train/c9/img_38701.jpg,c9
state-farm-distracted-driver-detection/imgs/train/c1/img_13732.jpg,c1
state-farm-distracted-driver-detection/imgs/train/c5/img_90055.jpg,c5
state-farm-distracted-driver-detection/imgs/train/c5/img_50440.jpg,c5
state-farm-distracted-driver-detection/imgs/train/c8/img_50444.jpg,c8
state-farm-distracted-driver-detection/imgs/train/c2/img_42731.jpg,c2
state-farm-distracted-driver-detection/imgs/train/c3/img_83718.jpg,c3
state-farm-distracted-driver-detection/imgs/train/c6/img_25613.jpg,c6
state-farm-distracted-driver-detection/imgs/train/c4/img_51644.jpg,c4
state-farm-distracted-driver-detection/imgs/train/c3/img_84975.jpg,c3
state-farm-distracted-driver-detection/imgs/train/c6/img_20299.jpg,c6
state-farm-distracted-driver-detection/imgs/train/c5/img_41187.jpg,c5
state-farm-distracted-driver-detection/imgs/train/c7/img_28366.jpg,c7
state-farm-distracted-driver-detection/imgs/train/c6/img_91719.jpg,c6
state-farm-distracted-driver-detection/imgs/train/c0/img_30360.jpg,c0
state-farm-distracted-driver-detection/imgs/train/c3/img_43466.jpg,c3
state-farm-distracted-driver-detection/imgs/train/c6/img_98782.jpg,c6
state-farm-distracted-driver-detection/imgs/train/c9/img_59079.jpg,c9
state-farm-distracted-driver-detection/imgs/train/c3/img_43920.jpg,c3
state-farm-distracted-driver-detection/imgs/train/c0/img_18680.jpg,c0
state-farm-distracted-driver-detection/imgs/train/c1/img_77658.jpg,c1
state-farm-distracted-driver-detection/imgs/train/c6/img_66152.jpg,c6
state-farm-distracted-driver-detection/imgs/train/c5/img_54013.jpg,c5
state-farm-distracted-driver-detection/imgs/train/c2/img_51127.jpg,c2
state-farm-distracted-driver-detection/imgs/train/c6/img_74174.jpg,c6
state-farm-distracted-driver-detection/imgs/train/c9/img_99440.jpg,c9
state-farm-distracted-driver-detection/imgs/train/c0/img_40733.jpg,c0
state-farm-distracted-driver-detection/imgs/train/c5/img_8020.jpg,c5
state-farm-distracted-driver-detection/imgs/train/c2/img_88563.jpg,c2
state-farm-distracted-driver-detection/imgs/train/c4/img_36973.jpg,c4
state-farm-distracted-driver-detection/imgs/train/c3/img_64243.jpg,c3
state-farm-distracted-driver-detection/imgs/train/c4/img_64670.jpg,c4
state-farm-distracted-driver-detection/imgs/train/c5/img_99955.jpg,c5
state-farm-distracted-driver-detection/imgs/train/c3/img_58015.jpg,c3
state-farm-distracted-driver-detection/imgs/train/c8/img_12294.jpg,c8
state-farm-distracted-driver-detection/imgs/train/c8/img_49593.jpg,c8
state-farm-distracted-driver-detection/imgs/train/c1/img_45321.jpg,c1
state-farm-distracted-driver-detection/imgs/train/c7/img_69034.jpg,c7
state-farm-distracted-driver-detection/imgs/train/c0/img_56251.jpg,c0
state-farm-distracted-driver-detection/imgs/train/c6/img_8228.jpg,c6
state-farm-distracted-driver-detection/imgs/train/c0/img_90719.jpg,c0
state-farm-distracted-driver-detection/imgs/train/c5/img_88339.jpg,c5
state-farm-distracted-driver-detection/imgs/train/c9/img_61429.jpg,c9
state-farm-distracted-driver-detection/imgs/train/c5/img_51627.jpg,c5
state-farm-distracted-driver-detection/imgs/train/c2/img_83861.jpg,c2
state-farm-distracted-driver-detection/imgs/train/c0/img_96741.jpg,c0
state-farm-distracted-driver-detection/imgs/train/c0/img_47804.jpg,c0
state-farm-distracted-driver-detection/imgs/train/c5/img_79489.jpg,c5
state-farm-distracted-driver-detection/imgs/train/c4/img_27100.jpg,c4
state-farm-distracted-driver-detection/imgs/train/c3/img_6054.jpg,c3
state-farm-distracted-driver-detection/imgs/train/c4/img_36903.jpg,c4
state-farm-distracted-driver-detection/imgs/train/c0/img_92936.jpg,c0
state-farm-distracted-driver-detection/imgs/train/c8/img_420.jpg,c8
state-farm-distracted-driver-detection/imgs/train/c6/img_38200.jpg,c6
state-farm-distracted-driver-detection/imgs/train/c5/img_20905.jpg,c5
state-farm-distracted-driver-detection/imgs/train/c5/img_71948.jpg,c5
state-farm-distracted-driver-detection/imgs/train/c7/img_76133.jpg,c7
state-farm-distracted-driver-detection/imgs/train/c9/img_59576.jpg,c9
state-farm-distracted-driver-detection/imgs/train/c0/img_4888.jpg,c0
state-farm-distracted-driver-detection/imgs/train/c4/img_42954.jpg,c4
state-farm-distracted-driver-detection/imgs/train/c6/img_49750.jpg,c6
state-farm-distracted-driver-detection/imgs/train/c9/img_42792.jpg,c9
state-farm-distracted-driver-detection/imgs/train/c2/img_33898.jpg,c2
state-farm-distracted-driver-detection/imgs/train/c5/img_95280.jpg,c5
state-farm-distracted-driver-detection/imgs/train/c2/img_2568.jpg,c2
state-farm-distracted-driver-detection/imgs/train/c4/img_36036.jpg,c4
state-farm-distracted-driver-detection/imgs/train/c7/img_74859.jpg,c7
state-farm-distracted-driver-detection/imgs/train/c0/img_56357.jpg,c0
state-farm-distracted-driver-detection/imgs/train/c6/img_2286.jpg,c6
state-farm-distracted-driver-detection/imgs/train/c2/img_74617.jpg,c2
state-farm-distracted-driver-detection/imgs/train/c1/img_2618.jpg,c1
state-farm-distracted-driver-detection/imgs/train/c7/img_59213.jpg,c7
state-farm-distracted-driver-detection/imgs/train/c3/img_4435.jpg,c3
state-farm-distracted-driver-detection/imgs/train/c9/img_45169.jpg,c9
state-farm-distracted-driver-detection/imgs/train/c7/img_70804.jpg,c7
state-farm-distracted-driver-detection/imgs/train/c6/img_59951.jpg,c6
state-farm-distracted-driver-detection/imgs/train/c1/img_71931.jpg,c1
state-farm-distracted-driver-detection/imgs/train/c5/img_65690.jpg,c5
state-farm-distracted-driver-detection/imgs/train/c7/img_22978.jpg,c7
state-farm-distracted-driver-detection/imgs/train/c4/img_72894.jpg,c4
state-farm-distracted-driver-detection/imgs/train/c7/img_82964.jpg,c7
state-farm-distracted-driver-detection/imgs/train/c3/img_73995.jpg,c3
state-farm-distracted-driver-detection/imgs/train/c3/img_4647.jpg,c3
state-farm-distracted-driver-detection/imgs/train/c4/img_75274.jpg,c4
state-farm-distracted-driver-detection/imgs/train/c2/img_17046.jpg,c2
state-farm-distracted-driver-detection/imgs/train/c8/img_77484.jpg,c8
state-farm-distracted-driver-detection/imgs/train/c2/img_13241.jpg,c2
state-farm-distracted-driver-detection/imgs/train/c4/img_34934.jpg,c4
state-farm-distracted-driver-detection/imgs/train/c4/img_93319.jpg,c4
state-farm-distracted-driver-detection/imgs/train/c0/img_3432.jpg,c0
state-farm-distracted-driver-detection/imgs/train/c7/img_82598.jpg,c7
state-farm-distracted-driver-detection/imgs/train/c3/img_43894.jpg,c3
state-farm-distracted-driver-detection/imgs/train/c2/img_83104.jpg,c2
state-farm-distracted-driver-detection/imgs/train/c6/img_61816.jpg,c6
state-farm-distracted-driver-detection/imgs/train/c0/img_800.jpg,c0
state-farm-distracted-driver-detection/imgs/train/c2/img_78324.jpg,c2
state-farm-distracted-driver-detection/imgs/train/c0/img_23158.jpg,c0
state-farm-distracted-driver-detection/imgs/train/c2/img_84640.jpg,c2
state-farm-distracted-driver-detection/imgs/train/c4/img_58149.jpg,c4
state-farm-distracted-driver-detection/imgs/train/c0/img_99785.jpg,c0
state-farm-distracted-driver-detection/imgs/train/c1/img_74523.jpg,c1
state-farm-distracted-driver-detection/imgs/train/c6/img_82381.jpg,c6
state-farm-distracted-driver-detection/imgs/train/c8/img_48710.jpg,c8
state-farm-distracted-driver-detection/imgs/train/c8/img_26736.jpg,c8
state-farm-distracted-driver-detection/imgs/train/c3/img_10879.jpg,c3
state-farm-distracted-driver-detection/imgs/train/c0/img_31997.jpg,c0
state-farm-distracted-driver-detection/imgs/train/c3/img_63934.jpg,c3
state-farm-distracted-driver-detection/imgs/train/c0/img_44655.jpg,c0
state-farm-distracted-driver-detection/imgs/train/c8/img_49255.jpg,c8
state-farm-distracted-driver-detection/imgs/train/c9/img_45923.jpg,c9
state-farm-distracted-driver-detection/imgs/train/c6/img_22101.jpg,c6
state-farm-distracted-driver-detection/imgs/train/c1/img_51487.jpg,c1
state-farm-distracted-driver-detection/imgs/train/c8/img_84414.jpg,c8
state-farm-distracted-driver-detection/imgs/train/c0/img_65547.jpg,c0
state-farm-distracted-driver-detection/imgs/train/c7/img_42291.jpg,c7
state-farm-distracted-driver-detection/imgs/train/c1/img_78090.jpg,c1
state-farm-distracted-driver-detection/imgs/train/c5/img_78531.jpg,c5
state-farm-distracted-driver-detection/imgs/train/c2/img_84773.jpg,c2
state-farm-distracted-driver-detection/imgs/train/c0/img_3326.jpg,c0
state-farm-distracted-driver-detection/imgs/train/c4/img_95437.jpg,c4
state-farm-distracted-driver-detection/imgs/train/c1/img_62025.jpg,c1
state-farm-distracted-driver-detection/imgs/train/c7/img_50262.jpg,c7
state-farm-distracted-driver-detection/imgs/train/c4/img_66898.jpg,c4
state-farm-distracted-driver-detection/imgs/train/c6/img_96573.jpg,c6
state-farm-distracted-driver-detection/imgs/train/c3/img_20543.jpg,c3
state-farm-distracted-driver-detection/imgs/train/c6/img_81755.jpg,c6
state-farm-distracted-driver-detection/imgs/train/c9/img_74609.jpg,c9
state-farm-distracted-driver-detection/imgs/train/c4/img_13422.jpg,c4
state-farm-distracted-driver-detection/imgs/train/c8/img_16623.jpg,c8
state-farm-distracted-driver-detection/imgs/train/c6/img_97788.jpg,c6
state-farm-distracted-driver-detection/imgs/train/c2/img_24238.jpg,c2
state-farm-distracted-driver-detection/imgs/train/c2/img_69455.jpg,c2
state-farm-distracted-driver-detection/imgs/train/c5/img_26754.jpg,c5
state-farm-distracted-driver-detection/imgs/train/c5/img_76616.jpg,c5
state-farm-distracted-driver-detection/imgs/train/c1/img_93448.jpg,c1
state-farm-distracted-driver-detection/imgs/train/c4/img_62566.jpg,c4
state-farm-distracted-driver-detection/imgs/train/c4/img_5759.jpg,c4
state-farm-distracted-driver-detection/imgs/train/c2/img_24704.jpg,c2
state-farm-distracted-driver-detection/imgs/train/c9/img_81983.jpg,c9
state-farm-distracted-driver-detection/imgs/train/c8/img_64883.jpg,c8
state-farm-distracted-driver-detection/imgs/train/c0/img_65621.jpg,c0
state-farm-distracted-driver-detection/imgs/train/c2/img_47311.jpg,c2
state-farm-distracted-driver-detection/imgs/train/c9/img_77642.jpg,c9
state-farm-distracted-driver-detection/imgs/train/c7/img_68394.jpg,c7
state-farm-distracted-driver-detection/imgs/train/c6/img_21650.jpg,c6
state-farm-distracted-driver-detection/imgs/train/c1/img_16574.jpg,c1
state-farm-distracted-driver-detection/imgs/train/c7/img_96912.jpg,c7
state-farm-distracted-driver-detection/imgs/train/c9/img_76707.jpg,c9
state-farm-distracted-driver-detection/imgs/train/c6/img_70771.jpg,c6
state-farm-distracted-driver-detection/imgs/train/c9/img_31358.jpg,c9
state-farm-distracted-driver-detection/imgs/train/c3/img_25895.jpg,c3
state-farm-distracted-driver-detection/imgs/train/c4/img_38413.jpg,c4
state-farm-distracted-driver-detection/imgs/train/c8/img_23658.jpg,c8
state-farm-distracted-driver-detection/imgs/train/c2/img_33264.jpg,c2
state-farm-distracted-driver-detection/imgs/train/c2/img_95705.jpg,c2
state-farm-distracted-driver-detection/imgs/train/c1/img_17871.jpg,c1
state-farm-distracted-driver-detection/imgs/train/c5/img_56225.jpg,c5
state-farm-distracted-driver-detection/imgs/train/c1/img_2388.jpg,c1
state-farm-distracted-driver-detection/imgs/train/c1/img_2212.jpg,c1
state-farm-distracted-driver-detection/imgs/train/c9/img_47237.jpg,c9
state-farm-distracted-driver-detection/imgs/train/c1/img_88948.jpg,c1
state-farm-distracted-driver-detection/imgs/train/c8/img_46117.jpg,c8
state-farm-distracted-driver-detection/imgs/train/c7/img_81697.jpg,c7
state-farm-distracted-driver-detection/imgs/train/c3/img_91220.jpg,c3
state-farm-distracted-driver-detection/imgs/train/c4/img_81356.jpg,c4
state-farm-distracted-driver-detection/imgs/train/c2/img_30017.jpg,c2
state-farm-distracted-driver-detection/imgs/train/c2/img_58158.jpg,c2
state-farm-distracted-driver-detection/imgs/train/c8/img_102005.jpg,c8
state-farm-distracted-driver-detection/imgs/train/c0/img_41025.jpg,c0
state-farm-distracted-driver-detection/imgs/train/c9/img_85876.jpg,c9
state-farm-distracted-driver-detection/imgs/train/c5/img_15312.jpg,c5
state-farm-distracted-driver-detection/imgs/train/c0/img_53437.jpg,c0
state-farm-distracted-driver-detection/imgs/train/c2/img_26979.jpg,c2
state-farm-distracted-driver-detection/imgs/train/c3/img_88026.jpg,c3
state-farm-distracted-driver-detection/imgs/train/c9/img_58066.jpg,c9
state-farm-distracted-driver-detection/imgs/train/c2/img_87132.jpg,c2
state-farm-distracted-driver-detection/imgs/train/c8/img_83285.jpg,c8
state-farm-distracted-driver-detection/imgs/train/c2/img_60707.jpg,c2
state-farm-distracted-driver-detection/imgs/train/c4/img_81171.jpg,c4
state-farm-distracted-driver-detection/imgs/train/c1/img_665.jpg,c1
state-farm-distracted-driver-detection/imgs/train/c7/img_50054.jpg,c7
state-farm-distracted-driver-detection/imgs/train/c0/img_99512.jpg,c0
state-farm-distracted-driver-detection/imgs/train/c8/img_11339.jpg,c8
state-farm-distracted-driver-detection/imgs/train/c2/img_19275.jpg,c2
state-farm-distracted-driver-detection/imgs/train/c6/img_13067.jpg,c6
state-farm-distracted-driver-detection/imgs/train/c3/img_83385.jpg,c3
state-farm-distracted-driver-detection/imgs/train/c3/img_6468.jpg,c3
state-farm-distracted-driver-detection/imgs/train/c1/img_67250.jpg,c1
state-farm-distracted-driver-detection/imgs/train/c9/img_19036.jpg,c9
state-farm-distracted-driver-detection/imgs/train/c8/img_12991.jpg,c8
state-farm-distracted-driver-detection/imgs/train/c8/img_32781.jpg,c8
state-farm-distracted-driver-detection/imgs/train/c9/img_67155.jpg,c9
state-farm-distracted-driver-detection/imgs/train/c3/img_56857.jpg,c3
state-farm-distracted-driver-detection/imgs/train/c8/img_52177.jpg,c8
state-farm-distracted-driver-detection/imgs/train/c0/img_85555.jpg,c0
state-farm-distracted-driver-detection/imgs/train/c7/img_2914.jpg,c7
state-farm-distracted-driver-detection/imgs/train/c8/img_29907.jpg,c8
state-farm-distracted-driver-detection/imgs/train/c7/img_97631.jpg,c7
state-farm-distracted-driver-detection/imgs/train/c2/img_17703.jpg,c2
state-farm-distracted-driver-detection/imgs/train/c8/img_12390.jpg,c8
state-farm-distracted-driver-detection/imgs/train/c6/img_60870.jpg,c6
state-farm-distracted-driver-detection/imgs/train/c4/img_38128.jpg,c4
state-farm-distracted-driver-detection/imgs/train/c1/img_4434.jpg,c1
state-farm-distracted-driver-detection/imgs/train/c1/img_32177.jpg,c1
state-farm-distracted-driver-detection/imgs/train/c1/img_13102.jpg,c1
state-farm-distracted-driver-detection/imgs/train/c6/img_6819.jpg,c6
state-farm-distracted-driver-detection/imgs/train/c3/img_3695.jpg,c3
state-farm-distracted-driver-detection/imgs/train/c0/img_8841.jpg,c0
state-farm-distracted-driver-detection/imgs/train/c4/img_30451.jpg,c4
state-farm-distracted-driver-detection/imgs/train/c1/img_52168.jpg,c1
state-farm-distracted-driver-detection/imgs/train/c6/img_21598.jpg,c6
state-farm-distracted-driver-detection/imgs/train/c9/img_54420.jpg,c9
state-farm-distracted-driver-detection/imgs/train/c3/img_58188.jpg,c3
state-farm-distracted-driver-detection/imgs/train/c9/img_39577.jpg,c9
state-farm-distracted-driver-detection/imgs/train/c8/img_19616.jpg,c8
state-farm-distracted-driver-detection/imgs/train/c2/img_50755.jpg,c2
state-farm-distracted-driver-detection/imgs/train/c9/img_42929.jpg,c9
state-farm-distracted-driver-detection/imgs/train/c1/img_48599.jpg,c1
state-farm-distracted-driver-detection/imgs/train/c1/img_86137.jpg,c1
state-farm-distracted-driver-detection/imgs/train/c8/img_22343.jpg,c8
state-farm-distracted-driver-detection/imgs/train/c6/img_8017.jpg,c6
state-farm-distracted-driver-detection/imgs/train/c9/img_10224.jpg,c9
state-farm-distracted-driver-detection/imgs/train/c5/img_54984.jpg,c5
state-farm-distracted-driver-detection/imgs/train/c1/img_98924.jpg,c1
state-farm-distracted-driver-detection/imgs/train/c6/img_13516.jpg,c6
state-farm-distracted-driver-detection/imgs/train/c1/img_94230.jpg,c1
state-farm-distracted-driver-detection/imgs/train/c1/img_91032.jpg,c1
state-farm-distracted-driver-detection/imgs/train/c5/img_12273.jpg,c5
state-farm-distracted-driver-detection/imgs/train/c3/img_61126.jpg,c3
state-farm-distracted-driver-detection/imgs/train/c7/img_67889.jpg,c7
state-farm-distracted-driver-detection/imgs/train/c0/img_49612.jpg,c0
state-farm-distracted-driver-detection/imgs/train/c0/img_74403.jpg,c0
state-farm-distracted-driver-detection/imgs/train/c1/img_25538.jpg,c1
state-farm-distracted-driver-detection/imgs/train/c5/img_62099.jpg,c5
state-farm-distracted-driver-detection/imgs/train/c4/img_33237.jpg,c4
state-farm-distracted-driver-detection/imgs/train/c0/img_82761.jpg,c0
state-farm-distracted-driver-detection/imgs/train/c0/img_45226.jpg,c0
state-farm-distracted-driver-detection/imgs/train/c4/img_173.jpg,c4
state-farm-distracted-driver-detection/imgs/train/c1/img_64494.jpg,c1
state-farm-distracted-driver-detection/imgs/train/c2/img_94192.jpg,c2
state-farm-distracted-driver-detection/imgs/train/c4/img_54546.jpg,c4
state-farm-distracted-driver-detection/imgs/train/c8/img_13308.jpg,c8
state-farm-distracted-driver-detection/imgs/train/c2/img_15520.jpg,c2
state-farm-distracted-driver-detection/imgs/train/c1/img_4902.jpg,c1
state-farm-distracted-driver-detection/imgs/train/c8/img_51140.jpg,c8
state-farm-distracted-driver-detection/imgs/train/c9/img_48807.jpg,c9
state-farm-distracted-driver-detection/imgs/train/c0/img_48878.jpg,c0
state-farm-distracted-driver-detection/imgs/train/c3/img_81417.jpg,c3
state-farm-distracted-driver-detection/imgs/train/c9/img_34635.jpg,c9
state-farm-distracted-driver-detection/imgs/train/c3/img_54846.jpg,c3
state-farm-distracted-driver-detection/imgs/train/c7/img_62640.jpg,c7
state-farm-distracted-driver-detection/imgs/train/c6/img_31258.jpg,c6
state-farm-distracted-driver-detection/imgs/train/c4/img_49807.jpg,c4
state-farm-distracted-driver-detection/imgs/train/c2/img_82005.jpg,c2
state-farm-distracted-driver-detection/imgs/train/c0/img_94394.jpg,c0
state-farm-distracted-driver-detection/imgs/train/c0/img_5315.jpg,c0
state-farm-distracted-driver-detection/imgs/train/c7/img_82833.jpg,c7
state-farm-distracted-driver-detection/imgs/train/c6/img_53041.jpg,c6
state-farm-distracted-driver-detection/imgs/train/c6/img_33700.jpg,c6
state-farm-distracted-driver-detection/imgs/train/c4/img_594.jpg,c4
state-farm-distracted-driver-detection/imgs/train/c4/img_16989.jpg,c4
state-farm-distracted-driver-detection/imgs/train/c3/img_20573.jpg,c3
state-farm-distracted-driver-detection/imgs/train/c9/img_23477.jpg,c9
state-farm-distracted-driver-detection/imgs/train/c0/img_35627.jpg,c0
state-farm-distracted-driver-detection/imgs/train/c5/img_75798.jpg,c5
state-farm-distracted-driver-detection/imgs/train/c2/img_69051.jpg,c2
state-farm-distracted-driver-detection/imgs/train/c1/img_5932.jpg,c1
state-farm-distracted-driver-detection/imgs/train/c6/img_397.jpg,c6
state-farm-distracted-driver-detection/imgs/train/c6/img_59365.jpg,c6
state-farm-distracted-driver-detection/imgs/train/c9/img_47149.jpg,c9
state-farm-distracted-driver-detection/imgs/train/c3/img_80829.jpg,c3
state-farm-distracted-driver-detection/imgs/train/c8/img_96246.jpg,c8
state-farm-distracted-driver-detection/imgs/train/c6/img_80705.jpg,c6
state-farm-distracted-driver-detection/imgs/train/c0/img_55476.jpg,c0
state-farm-distracted-driver-detection/imgs/train/c2/img_66213.jpg,c2
state-farm-distracted-driver-detection/imgs/train/c6/img_88383.jpg,c6
state-farm-distracted-driver-detection/imgs/train/c2/img_71838.jpg,c2
state-farm-distracted-driver-detection/imgs/train/c5/img_48455.jpg,c5
state-farm-distracted-driver-detection/imgs/train/c5/img_55587.jpg,c5
state-farm-distracted-driver-detection/imgs/train/c6/img_3979.jpg,c6
state-farm-distracted-driver-detection/imgs/train/c5/img_62899.jpg,c5
state-farm-distracted-driver-detection/imgs/train/c2/img_5362.jpg,c2
state-farm-distracted-driver-detection/imgs/train/c2/img_5018.jpg,c2
state-farm-distracted-driver-detection/imgs/train/c1/img_92374.jpg,c1
state-farm-distracted-driver-detection/imgs/train/c7/img_21315.jpg,c7
state-farm-distracted-driver-detection/imgs/train/c3/img_13270.jpg,c3
state-farm-distracted-driver-detection/imgs/train/c6/img_19657.jpg,c6
state-farm-distracted-driver-detection/imgs/train/c9/img_20392.jpg,c9
state-farm-distracted-driver-detection/imgs/train/c2/img_1530.jpg,c2
state-farm-distracted-driver-detection/imgs/train/c1/img_56524.jpg,c1
state-farm-distracted-driver-detection/imgs/train/c1/img_95996.jpg,c1
state-farm-distracted-driver-detection/imgs/train/c7/img_94149.jpg,c7
state-farm-distracted-driver-detection/imgs/train/c1/img_69149.jpg,c1
state-farm-distracted-driver-detection/imgs/train/c3/img_26544.jpg,c3
state-farm-distracted-driver-detection/imgs/train/c7/img_74753.jpg,c7
state-farm-distracted-driver-detection/imgs/train/c0/img_77846.jpg,c0
state-farm-distracted-driver-detection/imgs/train/c6/img_83325.jpg,c6
state-farm-distracted-driver-detection/imgs/train/c8/img_34361.jpg,c8
state-farm-distracted-driver-detection/imgs/train/c5/img_8261.jpg,c5
state-farm-distracted-driver-detection/imgs/train/c7/img_91256.jpg,c7
state-farm-distracted-driver-detection/imgs/train/c1/img_42534.jpg,c1
state-farm-distracted-driver-detection/imgs/train/c7/img_36302.jpg,c7
state-farm-distracted-driver-detection/imgs/train/c7/img_53063.jpg,c7
state-farm-distracted-driver-detection/imgs/train/c8/img_52404.jpg,c8
state-farm-distracted-driver-detection/imgs/train/c9/img_12473.jpg,c9
state-farm-distracted-driver-detection/imgs/train/c3/img_96993.jpg,c3
state-farm-distracted-driver-detection/imgs/train/c9/img_57814.jpg,c9
state-farm-distracted-driver-detection/imgs/train/c8/img_32031.jpg,c8
state-farm-distracted-driver-detection/imgs/train/c1/img_26876.jpg,c1
state-farm-distracted-driver-detection/imgs/train/c5/img_63748.jpg,c5
state-farm-distracted-driver-detection/imgs/train/c8/img_40632.jpg,c8
state-farm-distracted-driver-detection/imgs/train/c0/img_63349.jpg,c0
state-farm-distracted-driver-detection/imgs/train/c7/img_37335.jpg,c7
state-farm-distracted-driver-detection/imgs/train/c6/img_81290.jpg,c6
state-farm-distracted-driver-detection/imgs/train/c0/img_55109.jpg,c0
state-farm-distracted-driver-detection/imgs/train/c2/img_51881.jpg,c2
state-farm-distracted-driver-detection/imgs/train/c0/img_16575.jpg,c0
state-farm-distracted-driver-detection/imgs/train/c4/img_41645.jpg,c4
state-farm-distracted-driver-detection/imgs/train/c8/img_95446.jpg,c8
state-farm-distracted-driver-detection/imgs/train/c5/img_77760.jpg,c5
state-farm-distracted-driver-detection/imgs/train/c9/img_62321.jpg,c9
state-farm-distracted-driver-detection/imgs/train/c6/img_40417.jpg,c6
state-farm-distracted-driver-detection/imgs/train/c5/img_67271.jpg,c5
state-farm-distracted-driver-detection/imgs/train/c5/img_55503.jpg,c5
state-farm-distracted-driver-detection/imgs/train/c3/img_52695.jpg,c3
state-farm-distracted-driver-detection/imgs/train/c7/img_99288.jpg,c7
state-farm-distracted-driver-detection/imgs/train/c5/img_83651.jpg,c5
state-farm-distracted-driver-detection/imgs/train/c4/img_27527.jpg,c4
state-farm-distracted-driver-detection/imgs/train/c5/img_4092.jpg,c5
state-farm-distracted-driver-detection/imgs/train/c0/img_33358.jpg,c0
state-farm-distracted-driver-detection/imgs/train/c9/img_23677.jpg,c9
state-farm-distracted-driver-detection/imgs/train/c5/img_93327.jpg,c5
state-farm-distracted-driver-detection/imgs/train/c3/img_50531.jpg,c3
state-farm-distracted-driver-detection/imgs/train/c0/img_3866.jpg,c0
state-farm-distracted-driver-detection/imgs/train/c1/img_56920.jpg,c1
state-farm-distracted-driver-detection/imgs/train/c4/img_74110.jpg,c4
state-farm-distracted-driver-detection/imgs/train/c1/img_81499.jpg,c1
state-farm-distracted-driver-detection/imgs/train/c6/img_45356.jpg,c6
state-farm-distracted-driver-detection/imgs/train/c5/img_70250.jpg,c5
state-farm-distracted-driver-detection/imgs/train/c8/img_62221.jpg,c8
state-farm-distracted-driver-detection/imgs/train/c9/img_86098.jpg,c9
state-farm-distracted-driver-detection/imgs/train/c4/img_58643.jpg,c4
state-farm-distracted-driver-detection/imgs/train/c4/img_95449.jpg,c4
state-farm-distracted-driver-detection/imgs/train/c2/img_90036.jpg,c2
state-farm-distracted-driver-detection/imgs/train/c7/img_69089.jpg,c7
state-farm-distracted-driver-detection/imgs/train/c3/img_48914.jpg,c3
state-farm-distracted-driver-detection/imgs/train/c2/img_63840.jpg,c2
state-farm-distracted-driver-detection/imgs/train/c2/img_16219.jpg,c2
state-farm-distracted-driver-detection/imgs/train/c9/img_41989.jpg,c9
state-farm-distracted-driver-detection/imgs/train/c5/img_93847.jpg,c5
state-farm-distracted-driver-detection/imgs/train/c5/img_83565.jpg,c5
state-farm-distracted-driver-detection/imgs/train/c8/img_38109.jpg,c8
state-farm-distracted-driver-detection/imgs/train/c9/img_82487.jpg,c9
state-farm-distracted-driver-detection/imgs/train/c5/img_59456.jpg,c5
state-farm-distracted-driver-detection/imgs/train/c5/img_70959.jpg,c5
state-farm-distracted-driver-detection/imgs/train/c8/img_7128.jpg,c8
state-farm-distracted-driver-detection/imgs/train/c1/img_82068.jpg,c1
state-farm-distracted-driver-detection/imgs/train/c3/img_73235.jpg,c3
state-farm-distracted-driver-detection/imgs/train/c2/img_63855.jpg,c2
state-farm-distracted-driver-detection/imgs/train/c0/img_94690.jpg,c0
state-farm-distracted-driver-detection/imgs/train/c2/img_59705.jpg,c2
state-farm-distracted-driver-detection/imgs/train/c6/img_87968.jpg,c6
state-farm-distracted-driver-detection/imgs/train/c7/img_6679.jpg,c7
state-farm-distracted-driver-detection/imgs/train/c3/img_21735.jpg,c3
state-farm-distracted-driver-detection/imgs/train/c7/img_65121.jpg,c7
state-farm-distracted-driver-detection/imgs/train/c7/img_64563.jpg,c7
state-farm-distracted-driver-detection/imgs/train/c6/img_52732.jpg,c6
state-farm-distracted-driver-detection/imgs/train/c7/img_10961.jpg,c7
state-farm-distracted-driver-detection/imgs/train/c1/img_78278.jpg,c1
state-farm-distracted-driver-detection/imgs/train/c2/img_22308.jpg,c2
state-farm-distracted-driver-detection/imgs/train/c8/img_14232.jpg,c8
state-farm-distracted-driver-detection/imgs/train/c4/img_25635.jpg,c4
state-farm-distracted-driver-detection/imgs/train/c7/img_66016.jpg,c7
state-farm-distracted-driver-detection/imgs/train/c3/img_95555.jpg,c3
state-farm-distracted-driver-detection/imgs/train/c5/img_16473.jpg,c5
state-farm-distracted-driver-detection/imgs/train/c3/img_98186.jpg,c3
state-farm-distracted-driver-detection/imgs/train/c9/img_72516.jpg,c9
state-farm-distracted-driver-detection/imgs/train/c6/img_30856.jpg,c6
state-farm-distracted-driver-detection/imgs/train/c7/img_74258.jpg,c7
state-farm-distracted-driver-detection/imgs/train/c6/img_19410.jpg,c6
state-farm-distracted-driver-detection/imgs/train/c0/img_27760.jpg,c0
state-farm-distracted-driver-detection/imgs/train/c2/img_10697.jpg,c2
state-farm-distracted-driver-detection/imgs/train/c7/img_88199.jpg,c7
state-farm-distracted-driver-detection/imgs/train/c8/img_99262.jpg,c8
state-farm-distracted-driver-detection/imgs/train/c4/img_28277.jpg,c4
state-farm-distracted-driver-detection/imgs/train/c7/img_79763.jpg,c7
state-farm-distracted-driver-detection/imgs/train/c4/img_53595.jpg,c4
state-farm-distracted-driver-detection/imgs/train/c7/img_81598.jpg,c7
state-farm-distracted-driver-detection/imgs/train/c8/img_52997.jpg,c8
state-farm-distracted-driver-detection/imgs/train/c2/img_33975.jpg,c2
state-farm-distracted-driver-detection/imgs/train/c6/img_31439.jpg,c6
state-farm-distracted-driver-detection/imgs/train/c7/img_1918.jpg,c7
state-farm-distracted-driver-detection/imgs/train/c5/img_57751.jpg,c5
state-farm-distracted-driver-detection/imgs/train/c5/img_21153.jpg,c5
state-farm-distracted-driver-detection/imgs/train/c9/img_93403.jpg,c9
state-farm-distracted-driver-detection/imgs/train/c7/img_57989.jpg,c7
state-farm-distracted-driver-detection/imgs/train/c1/img_6320.jpg,c1
state-farm-distracted-driver-detection/imgs/train/c5/img_27866.jpg,c5
state-farm-distracted-driver-detection/imgs/train/c5/img_88670.jpg,c5
state-farm-distracted-driver-detection/imgs/train/c6/img_17696.jpg,c6
state-farm-distracted-driver-detection/imgs/train/c6/img_49749.jpg,c6
state-farm-distracted-driver-detection/imgs/train/c0/img_26413.jpg,c0
state-farm-distracted-driver-detection/imgs/train/c8/img_75545.jpg,c8
state-farm-distracted-driver-detection/imgs/train/c8/img_80060.jpg,c8
state-farm-distracted-driver-detection/imgs/train/c6/img_66674.jpg,c6
state-farm-distracted-driver-detection/imgs/train/c2/img_77654.jpg,c2
state-farm-distracted-driver-detection/imgs/train/c7/img_90295.jpg,c7
state-farm-distracted-driver-detection/imgs/train/c5/img_79967.jpg,c5
state-farm-distracted-driver-detection/imgs/train/c4/img_803.jpg,c4
state-farm-distracted-driver-detection/imgs/train/c3/img_91551.jpg,c3
state-farm-distracted-driver-detection/imgs/train/c0/img_17677.jpg,c0
state-farm-distracted-driver-detection/imgs/train/c0/img_12375.jpg,c0
state-farm-distracted-driver-detection/imgs/train/c4/img_69941.jpg,c4
state-farm-distracted-driver-detection/imgs/train/c7/img_68244.jpg,c7
state-farm-distracted-driver-detection/imgs/train/c5/img_46410.jpg,c5
state-farm-distracted-driver-detection/imgs/train/c5/img_40903.jpg,c5
state-farm-distracted-driver-detection/imgs/train/c1/img_25397.jpg,c1
state-farm-distracted-driver-detection/imgs/train/c2/img_72914.jpg,c2
state-farm-distracted-driver-detection/imgs/train/c4/img_60066.jpg,c4
state-farm-distracted-driver-detection/imgs/train/c9/img_46342.jpg,c9
state-farm-distracted-driver-detection/imgs/train/c6/img_2148.jpg,c6
state-farm-distracted-driver-detection/imgs/train/c4/img_26602.jpg,c4
state-farm-distracted-driver-detection/imgs/train/c9/img_89128.jpg,c9
state-farm-distracted-driver-detection/imgs/train/c9/img_90127.jpg,c9
state-farm-distracted-driver-detection/imgs/train/c3/img_43631.jpg,c3
state-farm-distracted-driver-detection/imgs/train/c4/img_17718.jpg,c4
state-farm-distracted-driver-detection/imgs/train/c5/img_27118.jpg,c5
state-farm-distracted-driver-detection/imgs/train/c5/img_49781.jpg,c5
state-farm-distracted-driver-detection/imgs/train/c2/img_7342.jpg,c2
state-farm-distracted-driver-detection/imgs/train/c6/img_10422.jpg,c6
state-farm-distracted-driver-detection/imgs/train/c7/img_73591.jpg,c7
state-farm-distracted-driver-detection/imgs/train/c1/img_46141.jpg,c1
state-farm-distracted-driver-detection/imgs/train/c4/img_38427.jpg,c4
state-farm-distracted-driver-detection/imgs/train/c9/img_59585.jpg,c9
state-farm-distracted-driver-detection/imgs/train/c4/img_7004.jpg,c4
state-farm-distracted-driver-detection/imgs/train/c3/img_13325.jpg,c3
state-farm-distracted-driver-detection/imgs/train/c3/img_60468.jpg,c3
state-farm-distracted-driver-detection/imgs/train/c9/img_75522.jpg,c9
state-farm-distracted-driver-detection/imgs/train/c2/img_33305.jpg,c2
state-farm-distracted-driver-detection/imgs/train/c4/img_28717.jpg,c4
state-farm-distracted-driver-detection/imgs/train/c3/img_40342.jpg,c3
state-farm-distracted-driver-detection/imgs/train/c4/img_98576.jpg,c4
state-farm-distracted-driver-detection/imgs/train/c9/img_79088.jpg,c9
state-farm-distracted-driver-detection/imgs/train/c3/img_61314.jpg,c3
state-farm-distracted-driver-detection/imgs/train/c0/img_54366.jpg,c0
state-farm-distracted-driver-detection/imgs/train/c4/img_55673.jpg,c4
state-farm-distracted-driver-detection/imgs/train/c8/img_78465.jpg,c8
state-farm-distracted-driver-detection/imgs/train/c1/img_101304.jpg,c1
state-farm-distracted-driver-detection/imgs/train/c5/img_91255.jpg,c5
state-farm-distracted-driver-detection/imgs/train/c2/img_41722.jpg,c2
state-farm-distracted-driver-detection/imgs/train/c4/img_45930.jpg,c4
state-farm-distracted-driver-detection/imgs/train/c4/img_47815.jpg,c4
state-farm-distracted-driver-detection/imgs/train/c7/img_995.jpg,c7
state-farm-distracted-driver-detection/imgs/train/c1/img_80692.jpg,c1
state-farm-distracted-driver-detection/imgs/train/c0/img_28293.jpg,c0
state-farm-distracted-driver-detection/imgs/train/c2/img_64645.jpg,c2
state-farm-distracted-driver-detection/imgs/train/c7/img_20154.jpg,c7
state-farm-distracted-driver-detection/imgs/train/c8/img_78496.jpg,c8
state-farm-distracted-driver-detection/imgs/train/c9/img_41950.jpg,c9
state-farm-distracted-driver-detection/imgs/train/c7/img_56234.jpg,c7
state-farm-distracted-driver-detection/imgs/train/c1/img_85878.jpg,c1
state-farm-distracted-driver-detection/imgs/train/c8/img_48213.jpg,c8
state-farm-distracted-driver-detection/imgs/train/c1/img_93978.jpg,c1
state-farm-distracted-driver-detection/imgs/train/c6/img_55381.jpg,c6
state-farm-distracted-driver-detection/imgs/train/c4/img_89373.jpg,c4
state-farm-distracted-driver-detection/imgs/train/c9/img_78692.jpg,c9
state-farm-distracted-driver-detection/imgs/train/c9/img_31757.jpg,c9
state-farm-distracted-driver-detection/imgs/train/c1/img_92978.jpg,c1
state-farm-distracted-driver-detection/imgs/train/c6/img_24838.jpg,c6
state-farm-distracted-driver-detection/imgs/train/c1/img_10119.jpg,c1
state-farm-distracted-driver-detection/imgs/train/c0/img_31937.jpg,c0
state-farm-distracted-driver-detection/imgs/train/c2/img_26277.jpg,c2
state-farm-distracted-driver-detection/imgs/train/c7/img_39093.jpg,c7
state-farm-distracted-driver-detection/imgs/train/c6/img_21610.jpg,c6
state-farm-distracted-driver-detection/imgs/train/c0/img_20966.jpg,c0
state-farm-distracted-driver-detection/imgs/train/c8/img_39422.jpg,c8
state-farm-distracted-driver-detection/imgs/train/c7/img_55557.jpg,c7
state-farm-distracted-driver-detection/imgs/train/c6/img_87360.jpg,c6
state-farm-distracted-driver-detection/imgs/train/c4/img_10844.jpg,c4
state-farm-distracted-driver-detection/imgs/train/c1/img_72986.jpg,c1
state-farm-distracted-driver-detection/imgs/train/c9/img_64894.jpg,c9
state-farm-distracted-driver-detection/imgs/train/c7/img_14510.jpg,c7
state-farm-distracted-driver-detection/imgs/train/c3/img_43143.jpg,c3
state-farm-distracted-driver-detection/imgs/train/c7/img_98768.jpg,c7
state-farm-distracted-driver-detection/imgs/train/c9/img_38565.jpg,c9
state-farm-distracted-driver-detection/imgs/train/c5/img_36489.jpg,c5
state-farm-distracted-driver-detection/imgs/train/c2/img_3547.jpg,c2
state-farm-distracted-driver-detection/imgs/train/c5/img_29136.jpg,c5
state-farm-distracted-driver-detection/imgs/train/c9/img_56847.jpg,c9
state-farm-distracted-driver-detection/imgs/train/c7/img_33375.jpg,c7
state-farm-distracted-driver-detection/imgs/train/c9/img_25191.jpg,c9
state-farm-distracted-driver-detection/imgs/train/c0/img_81441.jpg,c0
state-farm-distracted-driver-detection/imgs/train/c6/img_85290.jpg,c6
state-farm-distracted-driver-detection/imgs/train/c5/img_77583.jpg,c5
state-farm-distracted-driver-detection/imgs/train/c2/img_13108.jpg,c2
state-farm-distracted-driver-detection/imgs/train/c3/img_78105.jpg,c3
state-farm-distracted-driver-detection/imgs/train/c9/img_59210.jpg,c9
state-farm-distracted-driver-detection/imgs/train/c9/img_50680.jpg,c9
state-farm-distracted-driver-detection/imgs/train/c3/img_83693.jpg,c3
state-farm-distracted-driver-detection/imgs/train/c3/img_36089.jpg,c3
state-farm-distracted-driver-detection/imgs/train/c4/img_63401.jpg,c4
state-farm-distracted-driver-detection/imgs/train/c0/img_1039.jpg,c0
state-farm-distracted-driver-detection/imgs/train/c2/img_50194.jpg,c2
state-farm-distracted-driver-detection/imgs/train/c3/img_3078.jpg,c3
state-farm-distracted-driver-detection/imgs/train/c6/img_29470.jpg,c6
state-farm-distracted-driver-detection/imgs/train/c3/img_20168.jpg,c3
state-farm-distracted-driver-detection/imgs/train/c2/img_60040.jpg,c2
state-farm-distracted-driver-detection/imgs/train/c0/img_35845.jpg,c0
state-farm-distracted-driver-detection/imgs/train/c6/img_53456.jpg,c6
state-farm-distracted-driver-detection/imgs/train/c8/img_68682.jpg,c8
state-farm-distracted-driver-detection/imgs/train/c6/img_13194.jpg,c6
state-farm-distracted-driver-detection/imgs/train/c3/img_4583.jpg,c3
state-farm-distracted-driver-detection/imgs/train/c8/img_86824.jpg,c8
state-farm-distracted-driver-detection/imgs/train/c0/img_37410.jpg,c0
state-farm-distracted-driver-detection/imgs/train/c0/img_52676.jpg,c0
state-farm-distracted-driver-detection/imgs/train/c5/img_87611.jpg,c5
state-farm-distracted-driver-detection/imgs/train/c9/img_47121.jpg,c9
state-farm-distracted-driver-detection/imgs/train/c5/img_63078.jpg,c5
state-farm-distracted-driver-detection/imgs/train/c9/img_80484.jpg,c9
state-farm-distracted-driver-detection/imgs/train/c6/img_1722.jpg,c6
state-farm-distracted-driver-detection/imgs/train/c6/img_53505.jpg,c6
state-farm-distracted-driver-detection/imgs/train/c8/img_76640.jpg,c8
state-farm-distracted-driver-detection/imgs/train/c0/img_73463.jpg,c0
state-farm-distracted-driver-detection/imgs/train/c2/img_2700.jpg,c2
state-farm-distracted-driver-detection/imgs/train/c9/img_91787.jpg,c9
state-farm-distracted-driver-detection/imgs/train/c3/img_40547.jpg,c3
