filepath,genre
genres/reggae/reggae.00051.au,reggae
genres/rock/rock.00015.au,rock
genres/reggae/reggae.00082.au,reggae
genres/disco/disco.00043.au,disco
genres/rock/rock.00041.au,rock
genres/blues/blues.00097.au,blues
genres/rock/rock.00034.au,rock
genres/classical/classical.00002.au,classical
genres/classical/classical.00085.au,classical
genres/jazz/jazz.00071.au,jazz
genres/classical/classical.00059.au,classical
genres/reggae/reggae.00021.au,reggae
genres/rock/rock.00011.au,rock
genres/disco/disco.00005.au,disco
genres/country/country.00099.au,country
genres/country/country.00070.au,country
genres/disco/disco.00050.au,disco
genres/hiphop/hiphop.00027.au,hiphop
genres/country/country.00057.au,country
genres/metal/metal.00041.au,metal
genres/metal/metal.00010.au,metal
genres/country/country.00085.au,country
genres/disco/disco.00051.au,disco
genres/reggae/reggae.00088.au,reggae
genres/metal/metal.00021.au,metal
genres/country/country.00040.au,country
genres/country/country.00015.au,country
genres/classical/classical.00047.au,classical
genres/hiphop/hiphop.00019.au,hiphop
genres/disco/disco.00067.au,disco
genres/disco/disco.00039.au,disco
genres/rock/rock.00024.au,rock
genres/metal/metal.00078.au,metal
genres/pop/pop.00028.au,pop
genres/reggae/reggae.00029.au,reggae
genres/classical/classical.00035.au,classical
genres/hiphop/hiphop.00000.au,hiphop
genres/hiphop/hiphop.00005.au,hiphop
genres/country/country.00036.au,country
genres/rock/rock.00060.au,rock
genres/metal/metal.00093.au,metal
genres/rock/rock.00049.au,rock
genres/blues/blues.00085.au,blues
genres/hiphop/hiphop.00070.au,hiphop
genres/country/country.00022.au,country
genres/rock/rock.00065.au,rock
genres/country/country.00014.au,country
genres/blues/blues.00039.au,blues
genres/pop/pop.00004.au,pop
genres/pop/pop.00046.au,pop
genres/hiphop/hiphop.00023.au,hiphop
genres/classical/classical.00064.au,classical
genres/metal/metal.00054.au,metal
genres/country/country.00002.au,country
genres/country/country.00048.au,country
genres/reggae/reggae.00075.au,reggae
genres/classical/classical.00024.au,classical
genres/pop/pop.00036.au,pop
genres/blues/blues.00022.au,blues
genres/metal/metal.00099.au,metal
genres/disco/disco.00059.au,disco
genres/hiphop/hiphop.00086.au,hiphop
genres/jazz/jazz.00082.au,jazz
genres/country/country.00065.au,country
genres/blues/blues.00046.au,blues
genres/metal/metal.00017.au,metal
genres/blues/blues.00055.au,blues
genres/disco/disco.00006.au,disco
genres/hiphop/hiphop.00055.au,hiphop
genres/rock/rock.00028.au,rock
genres/pop/pop.00013.au,pop
genres/jazz/jazz.00067.au,jazz
genres/pop/pop.00089.au,pop
genres/reggae/reggae.00050.au,reggae
genres/country/country.00047.au,country
genres/disco/disco.00014.au,disco
genres/metal/metal.00049.au,metal
genres/country/country.00063.au,country
genres/hiphop/hiphop.00069.au,hiphop
genres/disco/disco.00035.au,disco
genres/reggae/reggae.00041.au,reggae
genres/hiphop/hiphop.00094.au,hiphop
genres/country/country.00053.au,country
genres/blues/blues.00037.au,blues
genres/metal/metal.00032.au,metal
genres/country/country.00078.au,country
genres/metal/metal.00096.au,metal
genres/country/country.00038.au,country
genres/reggae/reggae.00058.au,reggae
genres/disco/disco.00008.au,disco
genres/disco/disco.00087.au,disco
genres/blues/blues.00038.au,blues
genres/jazz/jazz.00095.au,jazz
genres/hiphop/hiphop.00067.au,hiphop
genres/blues/blues.00074.au,blues
genres/metal/metal.00077.au,metal
genres/hiphop/hiphop.00084.au,hiphop
genres/country/country.00025.au,country
genres/metal/metal.00076.au,metal
genres/metal/metal.00079.au,metal
genres/pop/pop.00070.au,pop
genres/reggae/reggae.00096.au,reggae
genres/reggae/reggae.00000.au,reggae
genres/classical/classical.00032.au,classical
genres/reggae/reggae.00019.au,reggae
genres/hiphop/hiphop.00083.au,hiphop
genres/hiphop/hiphop.00097.au,hiphop
genres/disco/disco.00013.au,disco
genres/blues/blues.00054.au,blues
genres/disco/disco.00079.au,disco
genres/classical/classical.00013.au,classical
genres/classical/classical.00030.au,classical
genres/reggae/reggae.00061.au,reggae
genres/reggae/reggae.00072.au,reggae
genres/jazz/jazz.00073.au,jazz
genres/reggae/reggae.00040.au,reggae
genres/blues/blues.00080.au,blues
genres/rock/rock.00098.au,rock
genres/classical/classical.00054.au,classical
genres/rock/rock.00039.au,rock
genres/jazz/jazz.00016.au,jazz
genres/pop/pop.00067.au,pop
genres/metal/metal.00087.au,metal
genres/rock/rock.00081.au,rock
genres/rock/rock.00010.au,rock
genres/jazz/jazz.00077.au,jazz
genres/classical/classical.00019.au,classical
genres/country/country.00077.au,country
genres/pop/pop.00063.au,pop
genres/country/country.00044.au,country
genres/hiphop/hiphop.00012.au,hiphop
genres/rock/rock.00054.au,rock
genres/blues/blues.00067.au,blues
genres/pop/pop.00003.au,pop
genres/pop/pop.00001.au,pop
genres/reggae/reggae.00052.au,reggae
genres/disco/disco.00084.au,disco
genres/rock/rock.00029.au,rock
genres/pop/pop.00037.au,pop
genres/classical/classical.00073.au,classical
genres/reggae/reggae.00038.au,reggae
genres/reggae/reggae.00039.au,reggae
genres/metal/metal.00048.au,metal
genres/metal/metal.00071.au,metal
genres/country/country.00092.au,country
genres/blues/blues.00079.au,blues
genres/rock/rock.00045.au,rock
genres/metal/metal.00064.au,metal
genres/reggae/reggae.00099.au,reggae
genres/metal/metal.00023.au,metal
genres/disco/disco.00037.au,disco
genres/blues/blues.00033.au,blues
genres/country/country.00043.au,country
genres/country/country.00081.au,country
genres/rock/rock.00031.au,rock
genres/disco/disco.00070.au,disco
genres/blues/blues.00025.au,blues
genres/country/country.00073.au,country
genres/pop/pop.00033.au,pop
genres/pop/pop.00018.au,pop
genres/reggae/reggae.00077.au,reggae
genres/hiphop/hiphop.00088.au,hiphop
genres/country/country.00054.au,country
genres/disco/disco.00002.au,disco
genres/blues/blues.00058.au,blues
genres/reggae/reggae.00065.au,reggae
genres/country/country.00046.au,country
genres/jazz/jazz.00043.au,jazz
genres/jazz/jazz.00098.au,jazz
genres/hiphop/hiphop.00082.au,hiphop
genres/reggae/reggae.00023.au,reggae
genres/blues/blues.00086.au,blues
genres/reggae/reggae.00037.au,reggae
genres/classical/classical.00038.au,classical
genres/reggae/reggae.00054.au,reggae
genres/hiphop/hiphop.00057.au,hiphop
genres/classical/classical.00028.au,classical
genres/jazz/jazz.00004.au,jazz
genres/pop/pop.00079.au,pop
genres/hiphop/hiphop.00039.au,hiphop
genres/classical/classical.00092.au,classical
genres/metal/metal.00043.au,metal
genres/pop/pop.00025.au,pop
genres/pop/pop.00043.au,pop
genres/classical/classical.00031.au,classical
genres/country/country.00050.au,country
genres/hiphop/hiphop.00016.au,hiphop
genres/disco/disco.00041.au,disco
genres/rock/rock.00059.au,rock
genres/pop/pop.00061.au,pop
genres/rock/rock.00002.au,rock
genres/hiphop/hiphop.00071.au,hiphop
genres/reggae/reggae.00022.au,reggae
genres/hiphop/hiphop.00041.au,hiphop
genres/rock/rock.00075.au,rock
genres/hiphop/hiphop.00090.au,hiphop
genres/blues/blues.00023.au,blues
genres/jazz/jazz.00072.au,jazz
genres/metal/metal.00082.au,metal
genres/blues/blues.00092.au,blues
genres/jazz/jazz.00030.au,jazz
genres/rock/rock.00093.au,rock
genres/disco/disco.00090.au,disco
genres/metal/metal.00059.au,metal
genres/metal/metal.00026.au,metal
genres/blues/blues.00075.au,blues
genres/classical/classical.00034.au,classical
genres/country/country.00052.au,country
genres/pop/pop.00016.au,pop
genres/metal/metal.00004.au,metal
genres/disco/disco.00062.au,disco
genres/hiphop/hiphop.00099.au,hiphop
genres/rock/rock.00056.au,rock
genres/jazz/jazz.00015.au,jazz
genres/reggae/reggae.00094.au,reggae
genres/reggae/reggae.00014.au,reggae
genres/jazz/jazz.00017.au,jazz
genres/hiphop/hiphop.00098.au,hiphop
genres/classical/classical.00058.au,classical
genres/blues/blues.00019.au,blues
genres/pop/pop.00088.au,pop
genres/metal/metal.00029.au,metal
genres/blues/blues.00091.au,blues
genres/blues/blues.00083.au,blues
genres/pop/pop.00064.au,pop
genres/pop/pop.00014.au,pop
genres/hiphop/hiphop.00025.au,hiphop
genres/metal/metal.00013.au,metal
genres/metal/metal.00092.au,metal
genres/reggae/reggae.00063.au,reggae
genres/metal/metal.00085.au,metal
genres/metal/metal.00050.au,metal
genres/classical/classical.00071.au,classical
genres/blues/blues.00018.au,blues
genres/country/country.00030.au,country
genres/jazz/jazz.00029.au,jazz
genres/classical/classical.00027.au,classical
genres/jazz/jazz.00099.au,jazz
genres/reggae/reggae.00007.au,reggae
genres/reggae/reggae.00028.au,reggae
genres/hiphop/hiphop.00079.au,hiphop
genres/pop/pop.00017.au,pop
genres/blues/blues.00060.au,blues
genres/disco/disco.00060.au,disco
genres/blues/blues.00053.au,blues
genres/jazz/jazz.00051.au,jazz
genres/blues/blues.00001.au,blues
genres/metal/metal.00039.au,metal
genres/reggae/reggae.00030.au,reggae
genres/rock/rock.00035.au,rock
genres/hiphop/hiphop.00001.au,hiphop
genres/pop/pop.00096.au,pop
genres/hiphop/hiphop.00007.au,hiphop
genres/rock/rock.00055.au,rock
genres/metal/metal.00002.au,metal
genres/jazz/jazz.00090.au,jazz
genres/country/country.00049.au,country
genres/disco/disco.00015.au,disco
genres/reggae/reggae.00067.au,reggae
genres/blues/blues.00042.au,blues
genres/rock/rock.00076.au,rock
genres/jazz/jazz.00022.au,jazz
genres/blues/blues.00069.au,blues
genres/reggae/reggae.00078.au,reggae
genres/reggae/reggae.00044.au,reggae
genres/jazz/jazz.00070.au,jazz
genres/hiphop/hiphop.00010.au,hiphop
genres/reggae/reggae.00043.au,reggae
genres/disco/disco.00047.au,disco
genres/disco/disco.00063.au,disco
genres/classical/classical.00012.au,classical
genres/classical/classical.00009.au,classical
genres/jazz/jazz.00069.au,jazz
genres/classical/classical.00015.au,classical
genres/country/country.00064.au,country
genres/hiphop/hiphop.00044.au,hiphop
genres/reggae/reggae.00003.au,reggae
genres/disco/disco.00031.au,disco
genres/classical/classical.00074.au,classical
genres/blues/blues.00017.au,blues
genres/jazz/jazz.00059.au,jazz
genres/disco/disco.00092.au,disco
genres/country/country.00062.au,country
genres/classical/classical.00023.au,classical
genres/classical/classical.00098.au,classical
genres/classical/classical.00018.au,classical
genres/metal/metal.00075.au,metal
genres/reggae/reggae.00036.au,reggae
genres/rock/rock.00087.au,rock
genres/disco/disco.00046.au,disco
genres/reggae/reggae.00053.au,reggae
genres/country/country.00087.au,country
genres/metal/metal.00014.au,metal
genres/blues/blues.00057.au,blues
genres/country/country.00016.au,country
genres/metal/metal.00007.au,metal
genres/rock/rock.00099.au,rock
genres/pop/pop.00080.au,pop
genres/country/country.00097.au,country
genres/rock/rock.00095.au,rock
genres/metal/metal.00067.au,metal
genres/classical/classical.00044.au,classical
genres/jazz/jazz.00061.au,jazz
genres/rock/rock.00083.au,rock
genres/pop/pop.00002.au,pop
genres/pop/pop.00059.au,pop
genres/classical/classical.00048.au,classical
genres/blues/blues.00081.au,blues
genres/classical/classical.00045.au,classical
genres/metal/metal.00072.au,metal
genres/disco/disco.00027.au,disco
genres/classical/classical.00006.au,classical
genres/country/country.00076.au,country
genres/hiphop/hiphop.00018.au,hiphop
genres/rock/rock.00068.au,rock
genres/hiphop/hiphop.00091.au,hiphop
genres/classical/classical.00043.au,classical
genres/pop/pop.00078.au,pop
genres/classical/classical.00082.au,classical
genres/disco/disco.00058.au,disco
genres/reggae/reggae.00092.au,reggae
genres/metal/metal.00073.au,metal
genres/country/country.00010.au,country
genres/blues/blues.00084.au,blues
genres/rock/rock.00062.au,rock
genres/classical/classical.00061.au,classical
genres/disco/disco.00044.au,disco
genres/classical/classical.00050.au,classical
genres/disco/disco.00042.au,disco
genres/metal/metal.00058.au,metal
genres/metal/metal.00020.au,metal
genres/blues/blues.00036.au,blues
genres/disco/disco.00023.au,disco
genres/reggae/reggae.00086.au,reggae
genres/rock/rock.00027.au,rock
genres/blues/blues.00048.au,blues
genres/reggae/reggae.00012.au,reggae
genres/country/country.00009.au,country
genres/blues/blues.00047.au,blues
genres/hiphop/hiphop.00006.au,hiphop
genres/country/country.00086.au,country
genres/blues/blues.00087.au,blues
genres/reggae/reggae.00055.au,reggae
genres/pop/pop.00012.au,pop
genres/country/country.00093.au,country
genres/blues/blues.00077.au,blues
genres/rock/rock.00013.au,rock
genres/pop/pop.00051.au,pop
genres/classical/classical.00056.au,classical
genres/pop/pop.00007.au,pop
genres/metal/metal.00069.au,metal
genres/disco/disco.00093.au,disco
genres/blues/blues.00088.au,blues
genres/reggae/reggae.00083.au,reggae
genres/jazz/jazz.00047.au,jazz
genres/jazz/jazz.00091.au,jazz
genres/disco/disco.00020.au,disco
genres/pop/pop.00045.au,pop
genres/pop/pop.00060.au,pop
genres/pop/pop.00099.au,pop
genres/reggae/reggae.00066.au,reggae
genres/disco/disco.00085.au,disco
genres/disco/disco.00076.au,disco
genres/jazz/jazz.00007.au,jazz
genres/hiphop/hiphop.00036.au,hiphop
genres/country/country.00007.au,country
genres/rock/rock.00088.au,rock
genres/blues/blues.00026.au,blues
genres/disco/disco.00001.au,disco
genres/rock/rock.00030.au,rock
genres/metal/metal.00011.au,metal
genres/classical/classical.00049.au,classical
genres/reggae/reggae.00013.au,reggae
genres/rock/rock.00096.au,rock
genres/metal/metal.00034.au,metal
genres/jazz/jazz.00026.au,jazz
genres/classical/classical.00086.au,classical
genres/rock/rock.00021.au,rock
genres/jazz/jazz.00053.au,jazz
genres/rock/rock.00018.au,rock
genres/metal/metal.00035.au,metal
genres/pop/pop.00056.au,pop
genres/classical/classical.00057.au,classical
genres/classical/classical.00025.au,classical
genres/metal/metal.00051.au,metal
genres/hiphop/hiphop.00026.au,hiphop
genres/metal/metal.00081.au,metal
genres/reggae/reggae.00062.au,reggae
genres/blues/blues.00098.au,blues
genres/jazz/jazz.00089.au,jazz
genres/disco/disco.00083.au,disco
genres/reggae/reggae.00079.au,reggae
genres/jazz/jazz.00012.au,jazz
genres/classical/classical.00088.au,classical
genres/country/country.00035.au,country
genres/rock/rock.00005.au,rock
genres/reggae/reggae.00056.au,reggae
genres/hiphop/hiphop.00076.au,hiphop
genres/jazz/jazz.00035.au,jazz
genres/blues/blues.00089.au,blues
genres/classical/classical.00036.au,classical
genres/pop/pop.00095.au,pop
genres/jazz/jazz.00083.au,jazz
genres/classical/classical.00090.au,classical
genres/blues/blues.00040.au,blues
genres/country/country.00091.au,country
genres/country/country.00067.au,country
genres/country/country.00017.au,country
genres/reggae/reggae.00064.au,reggae
genres/classical/classical.00089.au,classical
genres/classical/classical.00063.au,classical
genres/jazz/jazz.00046.au,jazz
genres/disco/disco.00096.au,disco
genres/jazz/jazz.00054.au,jazz
genres/reggae/reggae.00008.au,reggae
genres/country/country.00089.au,country
genres/hiphop/hiphop.00015.au,hiphop
genres/rock/rock.00051.au,rock
genres/blues/blues.00076.au,blues
genres/metal/metal.00045.au,metal
genres/country/country.00023.au,country
genres/jazz/jazz.00052.au,jazz
genres/country/country.00041.au,country
genres/disco/disco.00018.au,disco
genres/disco/disco.00011.au,disco
genres/rock/rock.00023.au,rock
genres/reggae/reggae.00033.au,reggae
genres/blues/blues.00024.au,blues
genres/hiphop/hiphop.00078.au,hiphop
genres/country/country.00034.au,country
genres/hiphop/hiphop.00028.au,hiphop
genres/reggae/reggae.00024.au,reggae
genres/blues/blues.00027.au,blues
genres/metal/metal.00095.au,metal
genres/hiphop/hiphop.00017.au,hiphop
genres/disco/disco.00030.au,disco
genres/rock/rock.00086.au,rock
genres/classical/classical.00055.au,classical
genres/pop/pop.00008.au,pop
genres/classical/classical.00087.au,classical
genres/classical/classical.00016.au,classical
genres/disco/disco.00098.au,disco
genres/classical/classical.00095.au,classical
genres/disco/disco.00049.au,disco
genres/metal/metal.00098.au,metal
genres/blues/blues.00031.au,blues
genres/country/country.00066.au,country
genres/jazz/jazz.00096.au,jazz
genres/blues/blues.00000.au,blues
genres/metal/metal.00044.au,metal
genres/reggae/reggae.00015.au,reggae
genres/blues/blues.00007.au,blues
genres/rock/rock.00047.au,rock
genres/classical/classical.00077.au,classical
genres/pop/pop.00058.au,pop
genres/jazz/jazz.00080.au,jazz
genres/jazz/jazz.00027.au,jazz
genres/reggae/reggae.00047.au,reggae
genres/rock/rock.00050.au,rock
genres/blues/blues.00013.au,blues
genres/rock/rock.00003.au,rock
genres/disco/disco.00012.au,disco
genres/disco/disco.00072.au,disco
genres/hiphop/hiphop.00080.au,hiphop
genres/pop/pop.00023.au,pop
genres/classical/classical.00069.au,classical
genres/metal/metal.00052.au,metal
genres/jazz/jazz.00093.au,jazz
genres/blues/blues.00009.au,blues
genres/metal/metal.00022.au,metal
genres/hiphop/hiphop.00066.au,hiphop
genres/country/country.00094.au,country
genres/jazz/jazz.00008.au,jazz
genres/classical/classical.00091.au,classical
genres/metal/metal.00025.au,metal
genres/reggae/reggae.00074.au,reggae
genres/hiphop/hiphop.00093.au,hiphop
genres/pop/pop.00087.au,pop
genres/jazz/jazz.00032.au,jazz
genres/pop/pop.00069.au,pop
genres/metal/metal.00055.au,metal
genres/reggae/reggae.00091.au,reggae
genres/jazz/jazz.00084.au,jazz
genres/reggae/reggae.00060.au,reggae
genres/hiphop/hiphop.00037.au,hiphop
genres/metal/metal.00090.au,metal
genres/pop/pop.00040.au,pop
genres/metal/metal.00086.au,metal
genres/metal/metal.00036.au,metal
genres/pop/pop.00010.au,pop
genres/rock/rock.00009.au,rock
genres/pop/pop.00093.au,pop
genres/pop/pop.00024.au,pop
genres/rock/rock.00069.au,rock
genres/rock/rock.00084.au,rock
genres/rock/rock.00052.au,rock
genres/metal/metal.00005.au,metal
genres/country/country.00080.au,country
genres/blues/blues.00028.au,blues
genres/disco/disco.00066.au,disco
genres/reggae/reggae.00048.au,reggae
genres/jazz/jazz.00065.au,jazz
genres/jazz/jazz.00001.au,jazz
genres/disco/disco.00053.au,disco
genres/disco/disco.00073.au,disco
genres/jazz/jazz.00097.au,jazz
genres/rock/rock.00079.au,rock
genres/blues/blues.00070.au,blues
genres/classical/classical.00011.au,classical
genres/country/country.00059.au,country
genres/reggae/reggae.00081.au,reggae
genres/metal/metal.00027.au,metal
genres/blues/blues.00052.au,blues
genres/jazz/jazz.00092.au,jazz
genres/metal/metal.00097.au,metal
genres/rock/rock.00017.au,rock
genres/jazz/jazz.00028.au,jazz
genres/hiphop/hiphop.00047.au,hiphop
genres/classical/classical.00097.au,classical
genres/pop/pop.00097.au,pop
genres/rock/rock.00012.au,rock
genres/jazz/jazz.00010.au,jazz
genres/jazz/jazz.00005.au,jazz
genres/pop/pop.00031.au,pop
genres/pop/pop.00050.au,pop
genres/classical/classical.00020.au,classical
genres/jazz/jazz.00021.au,jazz
genres/pop/pop.00090.au,pop
genres/jazz/jazz.00023.au,jazz
genres/classical/classical.00081.au,classical
genres/disco/disco.00052.au,disco
genres/pop/pop.00052.au,pop
genres/jazz/jazz.00042.au,jazz
genres/country/country.00088.au,country
genres/reggae/reggae.00020.au,reggae
genres/rock/rock.00014.au,rock
genres/metal/metal.00070.au,metal
genres/pop/pop.00020.au,pop
genres/blues/blues.00068.au,blues
genres/rock/rock.00073.au,rock
genres/blues/blues.00059.au,blues
genres/hiphop/hiphop.00013.au,hiphop
genres/disco/disco.00045.au,disco
genres/rock/rock.00067.au,rock
genres/disco/disco.00009.au,disco
genres/pop/pop.00038.au,pop
genres/metal/metal.00047.au,metal
genres/rock/rock.00043.au,rock
genres/reggae/reggae.00018.au,reggae
genres/classical/classical.00039.au,classical
genres/pop/pop.00068.au,pop
genres/reggae/reggae.00068.au,reggae
genres/country/country.00051.au,country
genres/disco/disco.00032.au,disco
genres/blues/blues.00016.au,blues
genres/reggae/reggae.00032.au,reggae
genres/hiphop/hiphop.00040.au,hiphop
genres/pop/pop.00049.au,pop
genres/hiphop/hiphop.00059.au,hiphop
genres/disco/disco.00099.au,disco
genres/hiphop/hiphop.00046.au,hiphop
genres/hiphop/hiphop.00045.au,hiphop
genres/jazz/jazz.00086.au,jazz
genres/classical/classical.00041.au,classical
genres/classical/classical.00060.au,classical
genres/hiphop/hiphop.00031.au,hiphop
genres/classical/classical.00051.au,classical
genres/metal/metal.00008.au,metal
genres/blues/blues.00044.au,blues
genres/jazz/jazz.00044.au,jazz
genres/metal/metal.00030.au,metal
genres/metal/metal.00068.au,metal
genres/classical/classical.00010.au,classical
genres/disco/disco.00080.au,disco
genres/country/country.00083.au,country
genres/jazz/jazz.00064.au,jazz
genres/metal/metal.00024.au,metal
genres/pop/pop.00065.au,pop
genres/hiphop/hiphop.00034.au,hiphop
genres/disco/disco.00078.au,disco
genres/hiphop/hiphop.00050.au,hiphop
genres/jazz/jazz.00066.au,jazz
genres/hiphop/hiphop.00062.au,hiphop
genres/disco/disco.00054.au,disco
genres/blues/blues.00034.au,blues
genres/pop/pop.00083.au,pop
genres/hiphop/hiphop.00003.au,hiphop
genres/disco/disco.00022.au,disco
genres/rock/rock.00001.au,rock
genres/hiphop/hiphop.00032.au,hiphop
genres/disco/disco.00091.au,disco
genres/jazz/jazz.00045.au,jazz
genres/disco/disco.00048.au,disco
genres/blues/blues.00073.au,blues
genres/classical/classical.00096.au,classical
genres/disco/disco.00019.au,disco
genres/metal/metal.00006.au,metal
genres/reggae/reggae.00070.au,reggae
genres/disco/disco.00081.au,disco
genres/disco/disco.00095.au,disco
genres/hiphop/hiphop.00064.au,hiphop
genres/disco/disco.00089.au,disco
genres/hiphop/hiphop.00052.au,hiphop
genres/blues/blues.00006.au,blues
genres/hiphop/hiphop.00008.au,hiphop
genres/jazz/jazz.00003.au,jazz
genres/pop/pop.00062.au,pop
genres/rock/rock.00004.au,rock
genres/jazz/jazz.00018.au,jazz
genres/country/country.00008.au,country
genres/country/country.00058.au,country
genres/disco/disco.00024.au,disco
genres/metal/metal.00033.au,metal
genres/reggae/reggae.00071.au,reggae
genres/rock/rock.00032.au,rock
genres/rock/rock.00044.au,rock
genres/rock/rock.00074.au,rock
genres/blues/blues.00035.au,blues
genres/classical/classical.00093.au,classical
genres/metal/metal.00012.au,metal
genres/classical/classical.00037.au,classical
genres/pop/pop.00081.au,pop
genres/country/country.00039.au,country
genres/reggae/reggae.00009.au,reggae
genres/reggae/reggae.00057.au,reggae
genres/metal/metal.00074.au,metal
genres/hiphop/hiphop.00035.au,hiphop
genres/pop/pop.00011.au,pop
genres/rock/rock.00089.au,rock
genres/blues/blues.00011.au,blues
genres/hiphop/hiphop.00054.au,hiphop
genres/metal/metal.00084.au,metal
genres/disco/disco.00074.au,disco
genres/classical/classical.00075.au,classical
genres/rock/rock.00070.au,rock
genres/country/country.00045.au,country
genres/country/country.00031.au,country
genres/hiphop/hiphop.00075.au,hiphop
genres/jazz/jazz.00031.au,jazz
genres/country/country.00072.au,country
genres/jazz/jazz.00025.au,jazz
genres/country/country.00018.au,country
genres/rock/rock.00091.au,rock
genres/disco/disco.00029.au,disco
genres/rock/rock.00019.au,rock
genres/hiphop/hiphop.00043.au,hiphop
genres/pop/pop.00022.au,pop
genres/hiphop/hiphop.00033.au,hiphop
genres/classical/classical.00040.au,classical
genres/hiphop/hiphop.00004.au,hiphop
genres/classical/classical.00083.au,classical
genres/rock/rock.00094.au,rock
genres/rock/rock.00053.au,rock
genres/pop/pop.00053.au,pop
genres/disco/disco.00038.au,disco
genres/blues/blues.00020.au,blues
genres/pop/pop.00021.au,pop
genres/pop/pop.00092.au,pop
genres/hiphop/hiphop.00051.au,hiphop
genres/blues/blues.00029.au,blues
genres/pop/pop.00054.au,pop
genres/metal/metal.00062.au,metal
genres/metal/metal.00016.au,metal
genres/country/country.00095.au,country
genres/reggae/reggae.00010.au,reggae
genres/hiphop/hiphop.00096.au,hiphop
genres/classical/classical.00065.au,classical
genres/classical/classical.00003.au,classical
genres/rock/rock.00066.au,rock
genres/metal/metal.00083.au,metal
genres/disco/disco.00068.au,disco
genres/jazz/jazz.00049.au,jazz
genres/pop/pop.00027.au,pop
genres/blues/blues.00093.au,blues
genres/disco/disco.00033.au,disco
genres/reggae/reggae.00002.au,reggae
genres/hiphop/hiphop.00024.au,hiphop
genres/disco/disco.00021.au,disco
genres/jazz/jazz.00079.au,jazz
genres/rock/rock.00071.au,rock
genres/blues/blues.00005.au,blues
genres/jazz/jazz.00011.au,jazz
genres/blues/blues.00095.au,blues
genres/reggae/reggae.00097.au,reggae
genres/reggae/reggae.00016.au,reggae
genres/country/country.00037.au,country
genres/country/country.00019.au,country
genres/classical/classical.00066.au,classical
genres/jazz/jazz.00056.au,jazz
genres/metal/metal.00003.au,metal
genres/blues/blues.00056.au,blues
genres/rock/rock.00063.au,rock
genres/classical/classical.00052.au,classical
genres/reggae/reggae.00034.au,reggae
genres/disco/disco.00094.au,disco
genres/blues/blues.00010.au,blues
genres/disco/disco.00088.au,disco
genres/reggae/reggae.00001.au,reggae
genres/metal/metal.00091.au,metal
genres/classical/classical.00068.au,classical
genres/country/country.00024.au,country
genres/blues/blues.00045.au,blues
genres/reggae/reggae.00080.au,reggae
genres/disco/disco.00055.au,disco
genres/blues/blues.00041.au,blues
genres/classical/classical.00033.au,classical
genres/blues/blues.00061.au,blues
genres/rock/rock.00058.au,rock
genres/country/country.00012.au,country
genres/pop/pop.00019.au,pop
genres/jazz/jazz.00050.au,jazz
genres/rock/rock.00046.au,rock
genres/country/country.00029.au,country
genres/classical/classical.00084.au,classical
genres/blues/blues.00003.au,blues
genres/country/country.00028.au,country
genres/country/country.00006.au,country
genres/blues/blues.00082.au,blues
genres/reggae/reggae.00087.au,reggae
genres/disco/disco.00036.au,disco
genres/country/country.00033.au,country
genres/pop/pop.00077.au,pop
genres/jazz/jazz.00085.au,jazz
genres/rock/rock.00007.au,rock
genres/hiphop/hiphop.00095.au,hiphop
genres/jazz/jazz.00040.au,jazz
genres/hiphop/hiphop.00021.au,hiphop
genres/blues/blues.00065.au,blues
genres/disco/disco.00010.au,disco
genres/metal/metal.00018.au,metal
genres/classical/classical.00078.au,classical
genres/country/country.00082.au,country
genres/hiphop/hiphop.00002.au,hiphop
genres/jazz/jazz.00074.au,jazz
genres/reggae/reggae.00045.au,reggae
genres/reggae/reggae.00090.au,reggae
genres/pop/pop.00041.au,pop
genres/jazz/jazz.00048.au,jazz
genres/hiphop/hiphop.00022.au,hiphop
genres/pop/pop.00044.au,pop
genres/pop/pop.00009.au,pop
genres/classical/classical.00067.au,classical
genres/rock/rock.00077.au,rock
genres/reggae/reggae.00004.au,reggae
genres/metal/metal.00056.au,metal
genres/hiphop/hiphop.00061.au,hiphop
genres/rock/rock.00082.au,rock
genres/disco/disco.00004.au,disco
genres/reggae/reggae.00027.au,reggae
genres/metal/metal.00000.au,metal
genres/classical/classical.00080.au,classical
genres/country/country.00074.au,country
genres/disco/disco.00025.au,disco
genres/pop/pop.00071.au,pop
genres/reggae/reggae.00005.au,reggae
genres/classical/classical.00022.au,classical
genres/blues/blues.00032.au,blues
genres/disco/disco.00000.au,disco
genres/rock/rock.00064.au,rock
genres/metal/metal.00040.au,metal
genres/blues/blues.00008.au,blues
genres/metal/metal.00015.au,metal
genres/hiphop/hiphop.00087.au,hiphop
genres/rock/rock.00057.au,rock
genres/hiphop/hiphop.00038.au,hiphop
genres/reggae/reggae.00026.au,reggae
genres/reggae/reggae.00069.au,reggae
genres/pop/pop.00005.au,pop
genres/pop/pop.00055.au,pop
genres/metal/metal.00057.au,metal
genres/reggae/reggae.00095.au,reggae
genres/jazz/jazz.00034.au,jazz
genres/disco/disco.00075.au,disco
genres/country/country.00060.au,country
genres/rock/rock.00048.au,rock
genres/jazz/jazz.00087.au,jazz
genres/metal/metal.00053.au,metal
genres/blues/blues.00043.au,blues
genres/pop/pop.00085.au,pop
genres/hiphop/hiphop.00074.au,hiphop
genres/country/country.00000.au,country
genres/jazz/jazz.00088.au,jazz
genres/hiphop/hiphop.00085.au,hiphop
genres/jazz/jazz.00024.au,jazz
genres/reggae/reggae.00059.au,reggae
genres/blues/blues.00066.au,blues
genres/hiphop/hiphop.00058.au,hiphop
genres/rock/rock.00025.au,rock
genres/rock/rock.00008.au,rock
genres/metal/metal.00042.au,metal
genres/disco/disco.00016.au,disco
genres/pop/pop.00082.au,pop
genres/jazz/jazz.00063.au,jazz
genres/pop/pop.00091.au,pop
genres/blues/blues.00094.au,blues
genres/classical/classical.00001.au,classical
genres/jazz/jazz.00006.au,jazz
genres/metal/metal.00046.au,metal
genres/hiphop/hiphop.00029.au,hiphop
genres/blues/blues.00099.au,blues
genres/metal/metal.00088.au,metal
genres/hiphop/hiphop.00081.au,hiphop
genres/pop/pop.00047.au,pop
genres/pop/pop.00015.au,pop
genres/jazz/jazz.00013.au,jazz
genres/classical/classical.00042.au,classical
genres/country/country.00056.au,country
genres/pop/pop.00072.au,pop
genres/hiphop/hiphop.00060.au,hiphop
genres/country/country.00013.au,country
genres/country/country.00068.au,country
genres/metal/metal.00001.au,metal
genres/blues/blues.00049.au,blues
genres/blues/blues.00072.au,blues
genres/country/country.00004.au,country
genres/disco/disco.00007.au,disco
genres/classical/classical.00014.au,classical
genres/jazz/jazz.00036.au,jazz
genres/pop/pop.00039.au,pop
genres/classical/classical.00053.au,classical
genres/reggae/reggae.00017.au,reggae
genres/rock/rock.00042.au,rock
genres/classical/classical.00026.au,classical
genres/pop/pop.00094.au,pop
genres/hiphop/hiphop.00011.au,hiphop
genres/classical/classical.00099.au,classical
genres/country/country.00032.au,country
genres/jazz/jazz.00009.au,jazz
genres/rock/rock.00072.au,rock
genres/reggae/reggae.00031.au,reggae
genres/country/country.00003.au,country
genres/hiphop/hiphop.00068.au,hiphop
genres/blues/blues.00051.au,blues
genres/metal/metal.00060.au,metal
genres/jazz/jazz.00058.au,jazz
genres/metal/metal.00038.au,metal
genres/country/country.00090.au,country
genres/classical/classical.00070.au,classical
genres/country/country.00001.au,country
genres/pop/pop.00026.au,pop
genres/hiphop/hiphop.00049.au,hiphop
genres/hiphop/hiphop.00014.au,hiphop
genres/rock/rock.00097.au,rock
genres/jazz/jazz.00037.au,jazz
genres/disco/disco.00086.au,disco
genres/pop/pop.00035.au,pop
genres/hiphop/hiphop.00030.au,hiphop
genres/disco/disco.00064.au,disco
genres/classical/classical.00029.au,classical
genres/pop/pop.00073.au,pop
genres/disco/disco.00057.au,disco
genres/hiphop/hiphop.00063.au,hiphop
genres/pop/pop.00006.au,pop
genres/pop/pop.00086.au,pop
genres/classical/classical.00062.au,classical
genres/pop/pop.00075.au,pop
genres/rock/rock.00040.au,rock
genres/jazz/jazz.00014.au,jazz
genres/rock/rock.00092.au,rock
genres/classical/classical.00046.au,classical
genres/classical/classical.00007.au,classical
genres/hiphop/hiphop.00048.au,hiphop
genres/reggae/reggae.00046.au,reggae
genres/disco/disco.00061.au,disco
genres/classical/classical.00094.au,classical
genres/reggae/reggae.00085.au,reggae
genres/jazz/jazz.00062.au,jazz
genres/hiphop/hiphop.00073.au,hiphop
genres/country/country.00026.au,country
genres/rock/rock.00022.au,rock
genres/rock/rock.00026.au,rock
genres/hiphop/hiphop.00077.au,hiphop
genres/metal/metal.00063.au,metal
genres/blues/blues.00014.au,blues
genres/classical/classical.00079.au,classical
genres/reggae/reggae.00098.au,reggae
genres/disco/disco.00003.au,disco
genres/blues/blues.00090.au,blues
genres/hiphop/hiphop.00089.au,hiphop
genres/reggae/reggae.00073.au,reggae
genres/country/country.00098.au,country
genres/pop/pop.00000.au,pop
genres/metal/metal.00061.au,metal
genres/country/country.00027.au,country
genres/disco/disco.00065.au,disco
genres/country/country.00079.au,country
genres/reggae/reggae.00049.au,reggae
genres/metal/metal.00065.au,metal
genres/reggae/reggae.00042.au,reggae
genres/pop/pop.00074.au,pop
genres/blues/blues.00063.au,blues
genres/pop/pop.00057.au,pop
genres/classical/classical.00017.au,classical
genres/rock/rock.00037.au,rock
genres/country/country.00011.au,country
genres/disco/disco.00028.au,disco
genres/jazz/jazz.00057.au,jazz
genres/metal/metal.00009.au,metal
genres/blues/blues.00078.au,blues
genres/pop/pop.00084.au,pop
genres/country/country.00075.au,country
genres/disco/disco.00056.au,disco
genres/country/country.00071.au,country
genres/hiphop/hiphop.00020.au,hiphop
genres/reggae/reggae.00006.au,reggae
genres/country/country.00061.au,country
genres/pop/pop.00030.au,pop
genres/blues/blues.00071.au,blues
genres/disco/disco.00017.au,disco
genres/pop/pop.00042.au,pop
genres/jazz/jazz.00041.au,jazz
genres/metal/metal.00019.au,metal
genres/rock/rock.00020.au,rock
genres/reggae/reggae.00084.au,reggae
genres/disco/disco.00071.au,disco
genres/blues/blues.00050.au,blues
genres/jazz/jazz.00019.au,jazz
genres/classical/classical.00021.au,classical
genres/hiphop/hiphop.00042.au,hiphop
genres/jazz/jazz.00078.au,jazz
genres/disco/disco.00082.au,disco
genres/blues/blues.00004.au,blues
genres/reggae/reggae.00035.au,reggae
genres/classical/classical.00005.au,classical
genres/country/country.00096.au,country
genres/hiphop/hiphop.00056.au,hiphop
genres/metal/metal.00028.au,metal
genres/hiphop/hiphop.00009.au,hiphop
genres/rock/rock.00036.au,rock
genres/metal/metal.00031.au,metal
genres/rock/rock.00080.au,rock
genres/pop/pop.00098.au,pop
genres/jazz/jazz.00039.au,jazz
genres/metal/metal.00089.au,metal
genres/country/country.00069.au,country
genres/hiphop/hiphop.00092.au,hiphop
genres/blues/blues.00064.au,blues
genres/rock/rock.00061.au,rock
genres/jazz/jazz.00076.au,jazz
genres/jazz/jazz.00000.au,jazz
genres/jazz/jazz.00038.au,jazz
genres/country/country.00042.au,country
genres/jazz/jazz.00075.au,jazz
genres/pop/pop.00032.au,pop
genres/pop/pop.00029.au,pop
genres/hiphop/hiphop.00065.au,hiphop
genres/blues/blues.00062.au,blues
genres/jazz/jazz.00020.au,jazz
genres/jazz/jazz.00094.au,jazz
genres/blues/blues.00002.au,blues
genres/rock/rock.00038.au,rock
genres/jazz/jazz.00033.au,jazz
genres/blues/blues.00015.au,blues
genres/pop/pop.00066.au,pop
genres/classical/classical.00008.au,classical
genres/classical/classical.00076.au,classical
genres/disco/disco.00077.au,disco
genres/reggae/reggae.00089.au,reggae
genres/country/country.00005.au,country
genres/disco/disco.00026.au,disco
genres/jazz/jazz.00002.au,jazz
genres/jazz/jazz.00068.au,jazz
genres/rock/rock.00006.au,rock
genres/blues/blues.00030.au,blues
genres/blues/blues.00012.au,blues
genres/disco/disco.00097.au,disco
genres/pop/pop.00048.au,pop
genres/rock/rock.00016.au,rock
genres/rock/rock.00033.au,rock
genres/reggae/reggae.00011.au,reggae
genres/metal/metal.00094.au,metal
genres/metal/metal.00066.au,metal
genres/classical/classical.00004.au,classical
genres/disco/disco.00069.au,disco
genres/country/country.00084.au,country
genres/blues/blues.00096.au,blues
genres/reggae/reggae.00093.au,reggae
genres/disco/disco.00040.au,disco
genres/hiphop/hiphop.00072.au,hiphop
genres/country/country.00021.au,country
genres/rock/rock.00078.au,rock
genres/blues/blues.00021.au,blues
genres/pop/pop.00076.au,pop
genres/jazz/jazz.00055.au,jazz
genres/rock/rock.00090.au,rock
genres/metal/metal.00037.au,metal
genres/classical/classical.00000.au,classical
genres/pop/pop.00034.au,pop
genres/disco/disco.00034.au,disco
genres/jazz/jazz.00060.au,jazz
genres/reggae/reggae.00076.au,reggae
genres/jazz/jazz.00081.au,jazz
genres/reggae/reggae.00025.au,reggae
genres/country/country.00055.au,country
genres/classical/classical.00072.au,classical
genres/rock/rock.00000.au,rock
genres/rock/rock.00085.au,rock
genres/metal/metal.00080.au,metal
genres/country/country.00020.au,country
genres/hiphop/hiphop.00053.au,hiphop
